:0200000490006A
:10000000E8190020390300902162009065030090F8
:10001000B1020090E9090090157D009000000000F9
:10002000000000000000000000000000676C00906D
:10003000170F0090000000002362009001000000F4
:100040005703009057030090570300905703009008
:1000500057030090570300905703009057030090F8
:100060005703009057030090570300901D0B00901A
:10007000C10B0090D10B009057030090010C009031
:10008000110C009057030090570300901D12009030
:100090002D120090570300905703009057030090D3
:1000A00057030090F56E009057030090570300909F
:1000B0005703009057030090570300905703009098
:1000C0005703009057030090570300903D6B00903A
:1000D00057030090DD7C0090570300905703009079
:1000E0005703009057030090000000005703009052
:1000F0005703009057030090570300905703009058
:1001000057030090ED640090056F00905703009036
:100110005703009057030090570300905703009037
:100120005703009057030090570300905703009027
:100130005703009057030090570300903D12009022
:1001400000000000000000000000000000000000AF
:1001500057030090570300905703009057030090F7
:1001600057030090570300905703009057030090E7
:1001700057030090570300905703009000000000C1
:1001800057030090570300905703009057030090C7
:1001900057030090570300905703009057030090B7
:1001A0002160009057030090570300905703009080
:1001B0005703009057030090570300905703009097
:1001C0005703009057030090570300905703009087
:1001D0005703009057030090570300905703009077
:1001E0005703009057030090570300905703009067
:1001F0005703009057030090570300905703009057
:100200005703009057030090570300905703009046
:100210005703009057030090570300905703009036
:100220005703009057030090570300900000000010
:100230005703009057030090000000005703009000
:1002400057030090710900905703009057030090E6
:1002500057030090570300905703009057030090F6
:1002600057030090570300905703009057030090E6
:1002700057030090570300905703009000000000C0
:1002800057030090570300905703009000000000B0
:100290000000000057030090DFF810D000F0BCFA17
:1002A00000480047858D0090AFF30080E8190020DA
:1002B0001EF0040F0CBFEFF30880EFF3098005F088
:1002C0008BBF00000246D2E84F0F411CC2E8431F1B
:1002D00003B1F8E77047024652E8000F411C42E8BC
:1002E000001303B1F8E77047024652E8000F42E8F6
:1002F000001303B1F9E77047024652E8000F83018B
:1003000003D3BFF32F8F0020704700F00040084355
:1003100042E8000303B1F0E77047024652E8000FDD
:10032000800103D2BFF32F8F0020704742E80013F3
:1003300003B1F3E70120704707488047074880472B
:1003400007480047FEE7FEE7FEE7FEE7FEE7FEE7B9
:10035000FEE7FEE7FEE7FEE719120090CD6D009084
:10036000990200901EF0040F0CBFEFF30880EFF32A
:10037000098005F0A5BD00002DE9F05F05460020CD
:1003800092469B4688460646814640241BE0284606
:1003900041464746224600F077F853465A46C01A6F
:1003A000914110D311461846224600F05EF82D1AEE
:1003B00067EB01084F4622460120002100F055F866
:1003C00017EB00094E41201EA4F10104DFDC484672
:1003D00031462A464346BDE8F09F10B5431A934282
:1003E00009D28318881803E010F8011D03F8011DD5
:1003F000521EF9D210BD40EA01039B0703D009E069
:1004000008C9121F08C0042AFAD203E011F8013B00
:1004100000F8013B521EF9D210BDD2B201E000F843
:10042000012B491EFBD270470022F6E710B5134698
:100430000A4604461946FFF7F0FF204610BD30B5C6
:100440000B46014600202022012409E021FA02F592
:100450009D4205D303FA02F5491B04FA02F528442C
:10046000151EA2F10102F1DC30BD202A04DB203A86
:1004700000FA02F1002070479140C2F1200320FAF7
:1004800003F3194390407047202A04DB203A21FAF5
:1004900002F00021704721FA02F3D040C2F120029D
:1004A00091400843194670472DE9FE4F804681EA86
:1004B0000300C00F0C46009021F0004123F00045DE
:1004C000B8EB0200A94105D24046214690461C46A1
:1004D0000B46024623F00040104347D0270DC7F3D8
:1004E0000A00C3F30A510290401A019040286BDAC7
:1004F000C3F3130040F4801B0098924620B1002300
:10050000D2EB030A63EB0B0B01985946C0F1400292
:100510005046FFF7AAFF06460D4650465946019A37
:1005200000F08CF910EB08006141002487EA1152B9
:1005300084EAE7731A4340D0009A62B3019A012A11
:100540004FEA075215DC001B61EB02014FF000423D
:1005500002EA0752CDE90042001C41F58011324603
:100560002B4600F08CF903B0BDE8F08F40462146E1
:10057000F9E7001B61EB0201001C41F58013001834
:100580005B412018A2F5001747EB030140EAD57044
:10059000B6196D4111E06D084FEA360645EAC0759F
:1005A0004FEA0752001B61EB0201001C41F580116C
:1005B00049084FEA30000019514132462B4603B03A
:1005C000BDE8F04F00F04CB9009801224000002334
:1005D000D0EB020263EBE073009821464FEAE0742F
:1005E000B8EB000061EB0401E9E783F000435BE74F
:1005F00081F0004158E72DE9FE4F81EA030404F041
:10060000004421F0004100944FF0000B23F0004320
:1006100050EA01045ED052EA03045BD0C3F30A54EB
:10062000C1F30A552C44A4F2F3340194A0FB025404
:10063000C1F3130141F48011C3F3130343F4801396
:1006400001FB024400FB034E840A970A44EA8154EA
:1006500047EA8357A4FB076802958D0A05FB0785C7
:100660004FEA932C04FB0C542705029D4FEA0658D1
:1006700047EA1637B5EB08056EEB070C870E920EAE
:1006800047EA811742EA8312A7FB0201B6EB0B018E
:1006900064EB00042B0D43EA0C335E1844EB1C5052
:1006A000DA465146E7FB0201C5F313044FEA0B3368
:1006B00043EA14534FEA0432019C43EA0603A4F1CF
:1006C0000C040294009CCDE900B400F0D8F803B00B
:1006D000BDE8F08F00200146F9E72DE9F04D81EAF1
:1006E000030404F0004B21F0004514464FF0000ACB
:1006F00023F0004150EA050220D054EA01021DD047
:10070000C5F30A570246C5F31303C1F31300C1F33F
:100710000A5640F4801543F48013A7EB0608101B1B
:10072000D64608F2FD3873EB050002D308F1010844
:1007300001E092185B41B8F1000F03DA0020014696
:10074000BDE8F08D00204FF48011064684460EE08F
:10075000171B73EB050705D3121B63EB0503064359
:100760004CEA010C49084FEA300092185B4150EA0C
:100770000107EDD152EA030012D082EA040083EAB5
:100780000501084305D0101BAB4106D2012200230E
:1007900006E000224FF0004302E06FF00102531028
:1007A0001AEB06004CEB085110EB0A0041EB0B0171
:1007B000BDE8F04D00F054B8C1F30A52C1F3130183
:1007C00040F2FF3341F480119A4202DA00200146E0
:1007D000704740F233439A42A2F2334202DC524263
:1007E000FFF752BEFFF741BE30B5041E71F10004A1
:1007F00004DB4FF00044404264EB0101141E73F12E
:10080000000405DB1C464FF00043524263EB040337
:10081000994208BF904230BD064C074D06E0E068A3
:1008200040F0010394E8070098471034AC42F6D337
:10083000FFF736FD48910090C8910090202A06DB12
:10084000CB17203A41FA02F043EAE07306E041FA9E
:1008500002F3D040C2F1200291400843194670478C
:1008600010B5141E73F1000408DA401C41F10001B8
:1008700092185B411A4301D120F0010010BD2DE90F
:10088000F04D92469B4611B1B1FA81F202E0B0FA06
:1008900080F220329046FFF7E8FD04460F4640EA1A
:1008A0000A0041EA0B0153465A46084313D0114649
:1008B00053EA010019D0C8F140025046FFF7E4FDA9
:1008C00005460E46504659464246FFF7CEFD0843C0
:1008D00005D0012004E020463946BDE8F08D002017
:1008E000054346EAE0762C4337430A986305E40A59
:1008F000A0EB08000022FD0A44EA47540A3002D562
:1009000000200146E9E7010510196941DDE90845C4
:1009100000196941BDE8F04DA2E770B58C1810F8D8
:10092000015B15F0070301D110F8013B2A1106D134
:1009300010F8012B03E010F8016B01F8016B5B1E4E
:10094000F9D12B0705D40023521E0DD401F8013B29
:10095000FAE710F8013BCB1A921C03E013F8015B95
:1009600001F8015B521EF9D5A142D8D3002070BD19
:100970001B48006800F0020080B14FF400301949B4
:1009800008610220486188610004C8611448001DA4
:10099000006840F002001249091D08601048006814
:1009A00000F0040070B102200E49086048608860C1
:1009B0000004C8600A48001D006840F004000849AF
:1009C000091D08600648006800F0080038B10448B6
:1009D000001D006840F008000149091D08607047CB
:1009E000005402580000003800BFFEE710B500BFF9
:1009F0004848006800F4003000B139E000BF00BF93
:100A000000BFBFF34F8F00BF00BF00BF00BF00BFDC
:100A100000BFBFF36F8F00BF00BF00BF00203E4983
:100A2000086000BF00BF00BFBFF34F8F00BF00BF13
:100A300000BF00BF00BF00BFBFF36F8F00BF00BF8C
:100A400000BF3448006840F400303249086000BFFD
:100A500000BF00BFBFF34F8F00BF00BF00BF00BF8C
:100A600000BF00BFBFF36F8F00BF00BF00BF00BF5C
:100A700000BF284B1B6803F4803303B148E0002318
:100A8000244C7034236000BF00BF00BFBFF34F8F02
:100A900000BF00BF00BF231F1868C0F34E3100BF66
:100AA000C0F3C90200BF43F6E07303EA41134FF0FD
:100AB000404404EA82742343174C1034236000BF7F
:100AC00000BF131EA2F10102EDD10B1EA1F1010125
:100AD000E6D100BF00BF00BFBFF34F8F00BF00BF14
:100AE00000BF0C4B1B6843F480330A4C236000BFEB
:100AF00000BF00BFBFF34F8F00BF00BF00BF00BFEC
:100B000000BF00BFBFF36F8F00BF00BF00BF00BFBB
:100B100010BD000014ED00E050EF00E010B52348D8
:100B2000006800F02000D8B12048806840F0200024
:100B30001E4988600846806840F0100088601C48A4
:100B4000007868B100211B4807F059FF00201849C0
:100B500008700846007818490870184804F05AFDD3
:100B60001248006800F01000A0B11048806840F002
:100B700010000E498860104800780D4909788842B5
:100B800008D000210B48203807F039FF08480078CA
:100B9000094908700548006800F0080028B10348BA
:100BA000806840F008000149886010BD00000240E4
:100BB0002C150030941400302D150030B81300307F
:100BC00010B5024800F012FD10BD000040130030C7
:100BD0000948006800F4001068B10748806840F4D4
:100BE0000010054988600846006C20F00100086488
:100BF0000120024908707047000002404015003093
:100C000010B5024800F0F2FC10BD00004C020030AC
:100C100010B5024800F0EAFC10BD0000C40200302C
:100C20000146374A0868904249D0354A1832086868
:100C3000904244D0324A3032086890423FD0304A25
:100C40004832086890423AD02D4A60320868904293
:100C500035D02B4A78320868904230D0284A9032FA
:100C6000086890422BD0264AA8320868904226D0C5
:100C7000244A0868904222D0224A183208689042DA
:100C80001DD0204A30320868904218D01D4A4832A0
:100C90000868904213D01B4A6032086890420ED018
:100CA000184A78320868904209D0164A903208688B
:100CB000904204D0134AA8320868904201D1012022
:100CC00000E00020B0B10A78103A1823B2FBF3F02C
:100CD00000F007020C4B9A5CCA65032805D90A6824
:100CE0006FF30902121D8A6503E00A686FF30902B7
:100CF0008A6503E0086820F0FF008865886D70470A
:100D00001000024010040240DC90009010B5026810
:100D10002B4C0368A34222D0294C14340368A3420D
:100D20001DD0274C28340368A34218D0244C3C34EF
:100D30000368A34213D0224C50340368A3420ED060
:100D40001F4C64340368A34209D01D4C78340368F7
:100D5000A34204D01A4C8C340368A34201D101236E
:100D600000E000238BB10378083B1424B3FBF4F1BB
:100D7000144B03EB81030366124B8033436601F08F
:100D80001F040123A340836618E00378103B182456
:100D9000B3FBF4F10C4B9A4204D80B4BA83B9A429C
:100DA00000D30831094B03EB81030366074B803303
:100DB000436601F01F040123A340836610BD0000B9
:100DC0000854025800580258B80402400008024073
:100DD0000179A9B3082940D8204B02689A4222D051
:100DE0001E4B143302689A421DD01C4B28330268F4
:100DF0009A4218D0194B3C3302689A4213D0174BD1
:100E0000503302689A420ED0144B643302689A42FF
:100E100009D0124B783302689A4204D00F4B8C33BE
:100E200002689A4201D1012200E000224AB14A1E22
:100E30000B4B03EB8202C266094A4032026708E0AC
:100E40000BE04A1E074B03EB8202C266054A4032A2
:100E500002674A1E012393404367704708540258B3
:100E60000059025800090240014600208A69D2B99F
:100E70008A6A32B1012A0DD0022A03D0032A10D186
:100E80000EE000BFCA6A02F08072B2F1807F00D12A
:100E9000012007E0CA6AB2F1C07F00D1012001E061
:100EA00000E000BF36E08A69B2F5005F1BD18A6AB4
:100EB00032B1012A07D0022A03D0032A11D10AE055
:100EC00000BF01200EE0CA6A02F08072B2F1807F9A
:100ED00000D1012006E0CA6AB2F1C07F00D1012032
:100EE00000E000BF16E08A6A32B1012A05D0022A6A
:100EF00004D0032A0CD103E000BF00BF012008E0AA
:100F0000CA6A02F08072B2F1807F00D1012000E055
:100F100000BF00BF7047704700BFFEE700BFFEE79D
:100F200070B500BF0C48866900F05EF9054600BF49
:100F3000294609481830FFF7D7F9044600BFB442E4
:100F4000F0D1A54206D200BF03481030FFF7C3F925
:100F500000BF00BF284670BDC00900202DE9FF4F2B
:100F600081B0884691469A464FF0070B51E000BF8A
:100F70002E48FFF7B0F9064606F03F002C4901EB7A
:100F80000014B0094FF4700101EA00510091DDE94D
:100F9000001008434FF0805101EAD80108434FF098
:100FA000005101EA990108434FF0804101EA5A01DA
:100FB000084340F04065294604F10C00FFF79CF916
:100FC000054605F0806010B385F0806585F000452A
:100FD00005F0004728F000403843206029F0004029
:100FE000384360602AF000403843A060294604F18D
:100FF0000C00FFF792F948B100BF0C48001DFFF745
:101000006AF900BF012005B0BDE8F08F04E0ABF144
:10101000010BBBF1000FAAD100BF00BF034808308D
:10102000FFF759F900BF0020EDE70000C4090020D8
:1010300040050020F0B506460C461546FF2C01D2AF
:10104000FF2D01D30020F0BD002200231AE0012073
:1010500098403040A0B1214610E002EBD1000B4F88
:10106000385C01F0070C012707FA0CF7384302EB54
:10107000D107DFF818C00CF80700491CA942ECD9C9
:1010800020325B1C042BE2D30120DCE74009002066
:101090002DE9F05F82468946002040490870802192
:1010A0003F48FFF7C1F918213E4807F087FC074683
:1010B0003A48006A3C49884207D0084637490862E6
:1010C000084647800120C8610EE034484088B84295
:1010D00005D03248478001203049C86104E02F48DC
:1010E000C069401C2D49C8612C48C06901280BD13A
:1010F00000202A49487048608860C8604FF48061C9
:101100002A48FFF791F90FE000260BE0274800EB93
:101110000615E86800F0806018B1E86820F04060CB
:10112000E860761C402EF1D31C48C069012810D11C
:1011300000F060F8044614B1DFF8748001E04FF06D
:1011400000081648C0F8148000201449886108611E
:1011500002E000F04FF80446ECB1FE2200215046B8
:10116000FFF768FFEF2211460F20FFF763FFFE2213
:1011700011460420FFF75EFFFFF7D2FE83460748C3
:1011800000235946C2690B48FFF7E8FEB9F1000F8A
:1011900001D000F011F82046BDE8F09FC009002002
:1011A00040090020309100906B27A5E14005002008
:1011B0000084D71700FF000310B50948007808B174
:1011C000012010BD012006490870FFF7A9FE044662
:1011D00000231A4621460348FFF7C0FE0120F0E72E
:1011E000C009002001FF000301484068704700006B
:1011F000001000E00648006840F080700449086074
:101200000448006840F0010002490860012070476E
:10121000FCED00E0001000E07047000010B502484F
:1012200001F0FAF910BD0000EC23003010B50248BF
:1012300001F0F2F910BD0000D824003010B50348C9
:1012400001F0EAF9024801F0E7F910BDEC230030A3
:10125000D824003070B504460CB9012070BD94F854
:101260003500022803D0802060650120F6E7DC49C4
:101270002068884249D0DA4918312068884244D031
:10128000D7493031206888423FD0D549483120685D
:1012900088423AD0D24960312068884235D0D0495E
:1012A00078312068884230D0CD499031206888421A
:1012B0002BD0CB49A8312068884226D0C949206864
:1012C000884222D0C7491831206888421DD0C549BC
:1012D00030312068884218D0C2494831206888429D
:1012E00013D0C0496031206888420ED0BD497831A2
:1012F0002068884209D0BB4990312068884204D0D8
:10130000B849A8312068884201D1012000E00020BE
:10131000F0B3042084F83500B149206888424BD0EE
:10132000AF4918312068884246D0AD493031206835
:10133000884241D0AA494831206888423CD0A84917
:1013400060312068884237D0A549783120688842CA
:1013500032D0A3499031206888422DD0A049A831CD
:101360002068884228D09F492068884224D09D491F
:101370001831206888421FD09A493031206888424D
:101380001AD0984948312068884215D0954900E024
:1013900020E06031206888420ED092497831206880
:1013A000884209D08F4990312068884204D08D4905
:1013B000A8312068884206D12068006820F001002A
:1013C0002168086009E12068006820F001002168B8
:1013D000086002E12068006820F00E0021680860C3
:1013E0007F492068884249D07D4918312068884269
:1013F00044D07B493031206888423FD07849483119
:10140000206888423AD0764960312068884235D0D9
:10141000734978312068884230D071499031206812
:1014200088422BD06E49A8312068884226D06D4969
:101430002068884222D06B491831206888421DD02C
:10144000684930312068884218D0664948312068A0
:10145000884213D063496031206888420ED06149C8
:1014600078312068884209D05E49903120688842EE
:1014700004D05C49A8312068884206D12068006801
:1014800020F001002168086005E02068006820F075
:1014900001002168086052492068884270D0504994
:1014A0001831206888426BD04D493031206888421D
:1014B00066D04B4948312068884261D04849603144
:1014C000206888425CD0464978312068884257D0ED
:1014D000434990312068884252D04149A831206860
:1014E00088424DD03F492068884249D03D49183153
:1014F0002068884244D03B493031206888423FD040
:1015000038494831206888423AD0364960312068ED
:10151000884235D0334978312068884230D031490B
:101520009031206888422BD02E49A831206888420B
:1015300026D02D492068884222D02B4914312068BA
:1015400088421DD0284928312068884218D0264971
:101550003C312068884213D02349503120688842AA
:101560000ED0214964312068884209D01E49783163
:101570002068884204D01C498C312068884201D1FF
:10158000012000E00020D8B1206E006820F48070B7
:10159000216E0860A56D94F85C0000F01F01012029
:1015A00088406860D4E919104860E06E40B1E06E90
:1015B000006820F48070E16E0860D4E91C10486077
:1015C000012084F8350000BF002084F8340000BFFB
:1015D000206D10B12046216D884700203EE60000B6
:1015E0001000024010040240085402582DE9F84F40
:1015F000044600200090FE4800684FF41651B0FBEE
:10160000F1FAA66DD4F858803768D8F80090F949F7
:101610002068884249D0F74918312068884244D070
:10162000F4493031206888423FD0F249483120687F
:1016300088423AD0EF4960312068884235D0ED4980
:1016400078312068884230D0EA4990312068884259
:101650002BD0E849A8312068884226D0E649206886
:10166000884222D0E4491831206888421DD0E249DE
:1016700030312068884218D0DF49483120688842DC
:1016800013D0DD496031206888420ED0DA497831C4
:101690002068884209D0D84990312068884204D017
:1016A000D549A8312068884201D1012000E00020FE
:1016B00000287DD094F85C0000F01F0108208840CD
:1016C0003840002868D0CB492068884249D0C949B1
:1016D00018312068884244D0C64930312068884299
:1016E0003FD0C4494831206888423AD0C14960316E
:1016F0002068884235D0BF4978312068884230D090
:10170000BC499031206888422BD0BA49A831206862
:10171000884226D0B8492068884222D0B64918317C
:10172000206888421DD0B44930312068884218D0E2
:10173000B14948312068884213D0AF4960312068F0
:1017400088420ED0AC4978312068884209D0AA4935
:1017500090312068884204D0A749A8312068884287
:1017600004D12068006800F0040003E020680068ED
:1017700000F0080080B12068006820F004002168B3
:10178000086094F85C0000F01F0108208840B060F9
:10179000606D40F00100606594F85C0000F01F018E
:1017A000012088403840E8B392492068884200E030
:1017B000B7E24BD08F4918312068884246D08D4916
:1017C00030312068884241D08A49483120688842B7
:1017D0003CD0884960312068884237D085497831CB
:1017E0002068884232D083499031206888422DD0C9
:1017F0008049A8312068884228D07F4920688842E3
:1018000024D07D491831206888421FD07A49303170
:10181000206888421AD0784948312068884215D01B
:10182000754900E026E06031206888420ED0724998
:1018300078312068884209D06F4990312068884209
:1018400004D06D49A8312068884204D120684069DD
:1018500000F0800002E020680068002050B194F899
:101860005C0000F01F0101208840B060606D40F016
:101870000200606594F85C0000F01F0104208840BD
:101880003840E8B35B49206888424BD05949183149
:101890002068884246D0574930312068884241D07C
:1018A00054494831206888423CD052496031206810
:1018B000884237D04F4978312068884232D04D492C
:1018C0009031206888422DD04A49A831206888424A
:1018D00028D049492068884224D0474918312068D7
:1018E00088421FD044493031206888421AD042498A
:1018F00048312068884215D03F496031206800E0B7
:1019000024E088420ED03C4978312068884209D0D2
:10191000394990312068884204D03749A83120687D
:10192000884204D12068006800F0020002E02068CC
:101930000068002050B194F85C0000F01F01042002
:101940008840B060606D40F00400606594F85C0011
:1019500000F01F01102088403840E8B32549206876
:10196000884251D023491831206888424CD02149FF
:1019700030312068884247D01E494831206888426B
:1019800042D01C496031206888423DD019497831E5
:101990002068884238D0174990312068884233D077
:1019A0001449A831206888422ED013492068884203
:1019B0002AD0114918312068884225D00E4930318B
:1019C0002068884220D00C494831206888421BD0CA
:1019D00009496031206800E04DE0884214D0064992
:1019E0007831206888420FD003499031206805E0A3
:1019F000000400201000024010040240884203D07E
:101A0000FE492068884204D12068006800F0080080
:101A100003E02068006800F0040060B394F85C0004
:101A200000F01F0110208840B0602068006800F4BA
:101A3000802080B12068006800F4002028B9206C64
:101A4000C8B12046216C884715E0A06C98B12046AB
:101A5000A16C88470FE02068006800F4807028B906
:101A60002068006820F0080021680860206C10B130
:101A70002046216C884794F85C0000F01F0120206C
:101A80008840384000287DD0DD492068884249D010
:101A9000DB4918312068884244D0D9493031206868
:101AA00088423FD0D6494831206888423AD0D4494C
:101AB00060312068884235D0D14978312068884229
:101AC00030D0CF499031206888422BD0CC49A83102
:101AD0002068884226D0C949A8392068884221D088
:101AE000C6499039206888421CD0C449783920689A
:101AF000884217D0C14960392068884212D0BF4956
:101B00004839206888420DD0BC4930392068884265
:101B100008D0BA4918392068884203D0B7492068EC
:101B2000884204D12068006800F0100003E02068BB
:101B3000006800F0020028B394F85C0000F01F0178
:101B400020208840B06094F8350004282DD120680A
:101B5000006820F01600216808602068406920F0C5
:101B6000800021684861206C08B9A06C28B1206809
:101B7000006820F008002168086094F85C0000F01C
:101B80001F0100E03FE03F208840B060012084F862
:101B9000350000BF002084F8340000BF206D10B174
:101BA0002046216D8847BDE8F88F2068006800F462
:101BB000802080B12068006800F4002028B9606CA3
:101BC00008B32046616C88471DE0E06BD8B1204621
:101BD000E16B884717E02068006800F4807068B9FE
:101BE0002068006820F0100021680860012084F857
:101BF000350000BF002084F8340000BFE06B10B156
:101C00002046E16B8847606D00287AD0606D00F057
:101C10000100E8B3042084F835007949206888423F
:101C20004BD0774918312068884246D0744930310A
:101C30002068884241D072494831206888423CD0AF
:101C40006F4960312068884237D06D49783120680B
:101C5000884232D06A499031206888422DD0684944
:101C6000A8312068884228D06449A8392068884271
:101C700023D062499039206888421ED05F49783964
:101C80002068884219D05D4960392068884200E0A8
:101C900040E012D059494839206888420DD0574950
:101CA00030392068884208D0544918392068884261
:101CB00003D052492068884206D12068006820F08D
:101CC00001002168086005E02068006820F001003C
:101CD0002168086000BF0098401C0090504500D962
:101CE00005E02068006800F001000028F3D100BF83
:101CF0002068006800F0010020B1032084F835005E
:101D000003E00DE0012084F8350000BF002084F8D6
:101D1000340000BFE06C002802D02046E16C884708
:101D2000D9E138492068884222D0364914312068E8
:101D300088421DD0334928312068884218D0314963
:101D40003C312068884213D02E49503120688842A7
:101D50000ED02C4964312068884209D02949783155
:101D60002068884204D027498C312068884201D1FC
:101D7000012000E000200028D2D02068056894F8F7
:101D80005C0000F01F010420884000EA0900D8B37D
:101D900005F00400C0B394F85C0000F01F010420BB
:101DA0008840C8F8040005F4004080B105F4803094
:101DB00030B9A06C0028B3D02046A16C88478AE1D6
:101DC000206C0028ACD02046216C884783E105F0C8
:101DD0002000E8BB0A492068884253D008491831DE
:101DE000206888424ED0064930312068884249D068
:101DF000034948312068884244D006E0B8040240D4
:101E000010000240085402584FE0B4496031206885
:101E1000884237D0B14978312068884232D0AF4902
:101E20009031206888422DD0AC49A8312068884282
:101E300028D0AB492068884224D0A94918312068AD
:101E400088421FD0A6493031206888421AD000E06D
:101E500025E0A34948312068884213D0A049603169
:101E6000206888420ED09E4978312068884209D087
:101E70009B4990312068884204D09949A831206854
:101E8000884206D12068006820F0080021680860B8
:101E900005E02068006820F0040021680860206CDC
:101EA00010B32046216C884715E194F85C0000F0DF
:101EB0001F010220884000EA0900E8B305F0020093
:101EC000D0B394F85C0000F01F0102208840C8F8ED
:101ED000040005F4004070B105F4803028B9606C4E
:101EE00010B12046616C8847F5E0E06BF0B3204606
:101EF000E16B8847EFE005F02000C0BB7749206820
:101F000088424ED0754918312068884249D07349BB
:101F100030312068884244D0704948312068884276
:101F20003FD06E496031206888423AD06B497831A1
:101F30002068884235D000E04EE068499031206842
:101F400088422ED06549A8312068884229D064494A
:101F50002068884225D0624918312068884220D004
:101F60005F493031206888421BD001E06EE02DE0EF
:101F70005B4948312068884213D059496031206854
:101F800088420ED0564978312068884209D0544999
:101F900090312068884204D05149A8312068884295
:101FA00006D12068006820F014002168086005E070
:101FB0002068006820F00A0021680860012084F889
:101FC000350000BF002084F8340000BFE06BE8B3A8
:101FD0002046E16B88477EE094F85C0000F01F012A
:101FE0000820884000EA090080B305F0080068B3C3
:101FF0003A49206888424BD03849183120688842D5
:1020000046D0364930312068884241D03349483182
:10201000206888423CD0314960312068884237D0FE
:102020002E4978312068884232D02C49903120687E
:1020300088422DD02949A8312068884228D02849D3
:102040002068884224D02649183100E043E0206807
:1020500088421DD0224930312068884218D020495A
:1020600048312068884213D01D4960312068884279
:102070000ED01B4978312068884209D01849903128
:102080002068884204D01649A8312068884206D1C9
:102090002068006820F01C002168086005E02068C6
:1020A000006820F00E002168086094F85C0000F0E1
:1020B0001F0101208840C8F804000120606584F8F1
:1020C000350000BF002084F8340000BFE06C10B180
:1020D0002046E16C884700BF65E500001000024023
:1020E000100402402DE9F041044600F099FD8046BD
:1020F00014B90120BDE8F081FE492068884249D02A
:10210000FC4918312068884244D0FA4930312068AF
:1021100088423FD0F7494831206888423AD0F54993
:1021200060312068884235D0F24978312068884291
:1021300030D0F0499031206888422BD0ED49A83149
:102140002068884226D0EC492068884222D0EA499B
:102150001831206888421DD0E74930312068884214
:1021600018D0E54948312068884213D0E2496031EF
:10217000206888420ED0E04978312068884209D032
:10218000DD4990312068884204D0DB49A8312068BD
:10219000884201D1012000E00020002873D0606A4D
:1021A00000B100BF022084F8350000BF002084F891
:1021B000340000BFCF492068884249D0CD4918314A
:1021C0002068884244D0CB493031206888423FD0D3
:1021D000C8494831206888423AD0C64960312068F1
:1021E000884235D0C34978312068884230D0C1490F
:1021F0009031206888422BD0BE49A831206888429F
:1022000026D0BD492068884222D0BB4918312068B9
:1022100088421DD0B84930312068884218D0B6496C
:1022200048312068884213D0B34960312068884221
:102230000ED0B14978312068884209D0AE4990313A
:102240002068884204D0AC49A8312068884206D171
:102250002068006820F001002168086005E020681F
:10226000006820F00100216808600DE000F0D8FC53
:10227000A0EB0800052807D920206065032084F81A
:102280003500012036E76AE02068006800F00100B0
:102290000028EBD12068056898480540D4E9020180
:1022A00008432169084361690843A1690843E1695A
:1022B0000843216A08430543606A042803D1D4E92E
:1022C0000B01084305438E4800686FF30F00B0F11F
:1022D000005F1DD36068292802D360682E2811D9B9
:1022E00060683F2802D3606842280BD9606847289D
:1022F00002D36068482805D960684F2804D3606815
:10230000522801D8012000E0002008B145F48015D2
:10231000206805602068456925F00705606A054367
:10232000606A04280DD1A06A0543E06A48B12046DE
:10233000FEF79AFD28B140206065012084F8350041
:10234000D8E6206845612046FEF76AFC064694F808
:102350005C0000F01F013F208840B0609EE06949AA
:102360002068884222D067491431206888421DD0F5
:10237000644928312068884218D062493C3120687D
:10238000884213D05F495031206888420ED05D49A1
:1023900064312068884209D05A49783120688842DF
:1023A00004D058498C312068884201D1012000E0D6
:1023B0000020E0B353492068884222D051491431AB
:1023C000206888421DD04F4928312068884218D0A3
:1023D0004C493C312068884213D04A49503120682A
:1023E00088420ED0474964312068884209D0454967
:1023F00078312068884204D042498C312068884274
:1024000001D1012000E0002000B100BF022084F8CB
:10241000350000BF002084F8340000BF2068056844
:1024200039480540A068402802D1102106E02EE07E
:10243000A068802801D1C10100E00021E06841EAE4
:10244000D001206941EAD001606941EAD001A06968
:1024500041EAD001E06941EAD001206A41EA101066
:1024600005432068056027492068401A1421B0FB05
:10247000F1F08000E0652046FEF7D2FB074694F8B5
:102480005C0000F01F0101208840786006E04020D9
:102490006065032084F8350001202BE6154920688B
:1024A00088427FD013491831206888427AD0114978
:1024B00030312068884275D00E4948312068884202
:1024C00070D00C496031206888426BD0094978315E
:1024D0002068884266D0074990312068884261D0E0
:1024E0000449A831206888425CD0034920688842AA
:1024F00058D00BE010000240100402403F8010FE54
:102500000010005C085402580F00FEFF3B491831D0
:102510002068884246D0394930312068884241D00D
:1025200036494831206888423CD0344960312068BF
:10253000884237D0314978312068884232D02F49DB
:102540009031206888422DD02C49A83120688842DB
:1025500028D02B492068884224D02949143120688A
:1025600088421FD026492831206888421AD0244941
:102570003C312068884215D021495031206888427A
:1025800010D01F496431206888420BD01C49783133
:102590002068884206D01A498C312068884200E0C1
:1025A00000E001D1012000E0002000B32046FEF74A
:1025B000ADFBA068802801D1002060602079216EE9
:1025C0000860D4E919104860606860B16068082844
:1025D00009D82046FEF7FCFB0020E16E0860D4E934
:1025E0001C10486003E00020E06620676067002060
:1025F0006065012084F8350000207BE5100402406E
:10260000085402580348006840F00100014908607E
:1026100070470000200400582DE9F04F8DB00446AB
:10262000F74800688707F648001D006807EA8077CA
:102630002068006D00F470482068406D00EA0808CA
:102640002068006D00F00F092068406D00EA09095C
:102650002068006D00F0F00A2068406D00EA0A0A68
:102660002068006D00F0715B2068406D00EA0B0B84
:102670002068006D00F060700C902068406D0C992F
:1026800008400C902068456D2068066DC5F3002059
:1026900078B1C6F3002060B100BF4FF480702168AC
:1026A00008650020D649086000BF2046D4F8C01055
:1026B0008847C5F38020D0B1C6F38020B8B1206828
:1026C000D0F8DC000A902068D0F8E4000A990840AD
:1026D0000A9000BF4FF48060216808650020C84957
:1026E000086000BFD4F8B82020460A9990476FB11F
:1026F00000BFC448384021680865B80FC049086069
:1027000000BF39462046D4F8A0209047B8F1000F0A
:102710000FD000BFBB4808EA0000216808654FEAF7
:102720009870B749086000BF41462046D4F8A420FD
:102730009047B9F1000F0FD000BFB24809EA00007E
:10274000216808654FEA9970AD49086000BF4946A5
:102750002046D4F8A8209047BAF1000F0FD000BF50
:10276000A8480AEA0000216808654FEA9A70A4495F
:10277000086000BF51462046D4F8AC209047C5F30E
:10278000C02078B1C6F3C02060B100BF4FF4006034
:102790002168086500209A49086000BF2046D4F8E7
:1027A000B0108847C5F34020D0B1C6F34020B8B17F
:1027B0002068D0F8D8000B902068D0F8E0000B9982
:1027C00008400B9000BF4FF400702168086500209E
:1027D0008B49086000BFD4F8B42020460B9990477D
:1027E000C5F3C04078B1C6F3C04060B100BF4FF43C
:1027F00000202168086500208149086000BF20464C
:10280000D4F8BC108847C5F3004078B1C6F3004047
:1028100060B100BF4FF4803021680865002078491E
:10282000086000BF2046D4F8C4108847C5F3804034
:1028300078B1C6F3804060B100BF4FF480202168BA
:10284000086500206E49086000BF2046D4F8C81013
:102850008847C5F3404088B1C6F3404070B100BF1F
:102860004FF400302168086500206549086000BF0A
:10287000D4F89C0040F08000C4F89C000C9878B11B
:1028800000BF60490C980840216808650C98800FCB
:102890005B49086000BFD4F8D02020460C999047CF
:1028A000BBF1000F10D000BF56480BEA00002168B2
:1028B00008654FEA9B705249086000BFD4F89C003D
:1028C00040EA0B00C4F89C004F49206888427DD143
:1028D0006068806800F00300002877D06068006AB4
:1028E00000F00F0009906068406A0999084009905B
:1028F0006068006A00F0300008906068406A0899DB
:10290000084008906068006A00F4C0700790606832
:10291000406A0799084007906068006A00F4FC402C
:1029200006906068406A0699084006906068006AF0
:1029300000F4F02005906068406A05990840059011
:102940006068406A02906068006A0190099838B136
:10295000099861680862D4F8D42020460999904704
:10296000089838B1089861680862D4F8D8202046E1
:10297000089990470298C0F38010A8B10198C0F35D
:10298000801088B16068C06B000C04906068C06BF8
:1029900000F03F000390402061680862D4F8DC300A
:1029A0002046DDE903219847079838B10798616808
:1029B0000862D4F8E020204607999047069850B165
:1029C000069861680862D4F89C0000E00EE0069961
:1029D0000843C4F89C00059840B1059861680862F6
:1029E000D4F89C0005990843C4F89C00D4F89C00D6
:1029F00018B12046D4F8CC1088470DB0BDE8F08F50
:102A000010A80040FFFFCF3F00A00040F8B50246ED
:102A10000B4600216F4DD7E001278F401E6806EA64
:102A20000704002C72D01E7906F00306012E04D094
:102A30001E7906F00306022E13D190684F0003267C
:102A4000BE40B0434F00DE68BE40304390605068E7
:102A500001268E40B0431E79C6F300168E403043E7
:102A600050601E7906F00306032E09D0D0684F008F
:102A70000326BE40B0434F009E68BE403043D06046
:102A80001E7906F00306022E13D1CF0802F12006AC
:102A900056F827004E07F70E0F26BE40B0434F07EB
:102AA000FF0E1E69BE403043CF0802F1200646F8F3
:102AB000270010684F000326BE40B0431E7906F081
:102AC00003064F00BE40304310605E6806F4403697
:102AD000002E78D000BF404E366846F002063E4FCA
:102AE0003E603E46366806F00206009600BF00BF14
:102AF0003A4E8F0856F827008E07370F0F26BE4034
:102B0000B043374EB24202D100262EE05BE0354E94
:102B1000B24201D1012628E0334EB24201D1022651
:102B200023E0324EB24201D103261EE0304EB242C3
:102B300001D1042619E02F4EB24201D1052614E03E
:102B40002D4EB24201D106260FE02C4EB24201D1E9
:102B500007260AE02A4EB24201D1082605E0294E96
:102B6000B24201D1092600E00A268F073F0FBE407E
:102B700030431A4E8F0846F827004FF0B0463068B1
:102B8000A0435E6806F4801606B120434FF0B046BD
:102B900030607068A0435E6806F4001606B12043FA
:102BA0004FF0B04670606868A0435E6806F4003677
:102BB00006B1204368602868A0435E6806F480364A
:102BC00006B120432860491C1E68CE40002E7FF4C9
:102BD00023AFF8BD80000058F444025808040058A0
:102BE000000002580004025800080258000C025865
:102BF000001002580014025800180258001C025815
:102C000000200258002402580AB1816101E00B043F
:102C10008361704701480068000C70470010005C39
:102C2000014800687047000008040020034800685D
:102C300003490978084401490860704708040020E6
:102C40001004002010B5032000F00CFA01F0EEFC97
:102C500010490968C1F303210F4A515C01F01F01BB
:102C600020FA01F40B48006800F00F001146085CE0
:102C700000F01F0024FA00F00849086008480460CA
:102C80000F2000F00FF808B1012010BD00F098F9F6
:102C90000020FAE718440258CC9000900404002069
:102CA0000004002070B504461148007808B90120DE
:102CB00070BD0F4800784FF47A71B1FBF0F00D4908
:102CC0000968B1FBF0F5284602F086FC08B1012046
:102CD000EEE7102C07D200222146501E00F085F9A5
:102CE0000548046001E00120E2E70020E0E7000081
:102CF00010040020000400200C040020704770B570
:102D000004462068856B2068466B05F00400E8B136
:102D100006F00400D0B12068406B20F00400216868
:102D2000486304202168C863D4F8A40040F001007F
:102D3000C4F8A400042084F8A10000BF002084F897
:102D4000A00000BF2046D4F8B010884705F002006C
:102D5000E8B106F00200D0B12068406B20F002001C
:102D60002168486302202168C863D4F8A40040F0B9
:102D70000200C4F8A400042084F8A10000BF0020D1
:102D800084F8A00000BF2046D4F8B010884705F0B2
:102D90000100B0B106F0010098B12068406B20F04E
:102DA00001002168486301202168C86384F8A100FC
:102DB00000BF002084F8A00000BF2046D4F8A8106F
:102DC000884705F00800B8B106F00800A0B12068F7
:102DD000406B20F008002168486308202168C86320
:102DE000012084F8A10000BF002084F8A00000BFEB
:102DF0002046D4F8AC10884770BD000070B504467A
:102E00000CB9012070BD94F8A10090B9002004F81D
:102E1000A00F3348A0603348E06033482061606908
:102E2000A03C10B93148C4F8B4002046D4F8B4101E
:102E30008847022084F8A1002068806920F0704053
:102E400021688861D4E901010843E16808432169E8
:102E5000084321688969084321688861A08A0504BC
:102E6000A069284321688860A08B0504206A284354
:102E70002168C860A08C0504A06A28432168086105
:102E8000A08D0504206B28432168486194F8350023
:102E9000050294F8360006042068C06A00F07F40FE
:102EA0002168C86246EA050094F834100843216896
:102EB000C96A08432168C8622068406B40F0060078
:102EC000216848632068806940F0010021688861BA
:102ED0000020C4F8A400012084F8A100002091E79C
:102EE000F12E0090F52E0090FD2C0090F32E009016
:102EF00070477047704700004178154A11601449C7
:102F00000831096821F00101114A08321160121FCD
:102F100041681160017B0907C27A41EA0261827A45
:102F200041EAC241427B41EA8241827B41EA42411D
:102F3000C27B41EA0241427A41EA0221027A41EA35
:102F4000420102781143024A0832116070470000C2
:102F500098ED00E000BF00BF00BFBFF35F8F00BF70
:102F600000BF00BF0548006820F4803003490860B6
:102F700000200249703108607047000024ED00E035
:102F800040F001010D4A11600C497039096841F4A3
:102F900080310A4A703A116000BF00BF00BFBFF322
:102FA0004F8F00BF00BF00BF00BF00BF00BFBFF317
:102FB0006F8F00BF00BF00BF7047000094ED00E0BE
:102FC00070470146084600280DDB00BF00BF00F037
:102FD0001F0301229A4043099B0003F1E023C3F839
:102FE000002100BF00BF00BF70472DE9F05F8046A1
:102FF0000D46164605F066F8074639462A4633461A
:1030000001F00700C0F1070ABAF1040F02D94FF02E
:10301000040A01E0C0F1070AD14600F1040ABAF13E
:10302000070F02D24FF0000A01E0A0F1030AD446D4
:103030004FF0010A0AFA09FAAAF1010A0AEA020A99
:103040000AFA0CFA4FF0010B0BFA0CFBABF1010B77
:103050000BEA030B4AEA0B042146404605F03AF816
:10306000BDE8F09F00BF00F00702064B19684FF65D
:10307000FF031940044B0B4343EA0221014B196043
:1030800000BF70470CED00E00000FA0510B501F03C
:1030900083FA05490968C1F30211044A515C01F041
:1030A0001F01C84010BD000020440258CC90009081
:1030B00070B50146844D2D6805F00303824D2D68DF
:1030C000C5F30530804D2D1D2D68C5F300147E4DD0
:1030D00014352D68C5F3CC0515FB04F501EE105A27
:1030E000B8EE411AF0EE410A00286FD023B1012B4F
:1030F0004ED0022B6BD16BE0734D283D2D68C5F38C
:1031000040153DB3704D283D2D68C5F3C1066F4D88
:1031100025FA06F201EE102AF8EE411A01EE100A25
:10312000B8EE411A81EE812A9FED691AC0EE811A2C
:10313000654D10352D68C5F3080501EE105AB8EE3F
:10314000411A31EE811AF7EE001A31EE211A22EE01
:10315000010A1CE001EE100AB8EE411ADFED5D1A1B
:1031600081EE812A9FED5A1AC0EE811A564D103514
:103170002D68C5F3080501EE105AB8EE411A31EE7C
:10318000811AF7EE001A31EE211A22EE010A5BE0F5
:1031900001EE100AB8EE411ADFED4F1A81EE812AD6
:1031A0009FED4B1AC0EE811A474D10352D68C5F3BF
:1031B000080501EE105AB8EE411A31EE811AF7EE09
:1031C000001A31EE211A22EE010A3DE077E01DE0FF
:1031D00001EE100AB8EE411A9FED402AC2EE011A24
:1031E0009FED3B1A80EE812A374D10352D68C5F3CF
:1031F000080501EE105AB8EE411A32EE011AB7EE88
:10320000002A31EE021A21EE810A1DE001EE100AB9
:10321000B8EE411ADFED301A81EE812A9FED2C1AAB
:10322000C0EE811A284D10352D68C5F3080501EE52
:10323000105AB8EE411A31EE811AF7EE001A31EE4B
:10324000211A22EE010A00BF00BF1F4D10352D6864
:10325000C5F3462501EE105AB8EE411AF7EE001AF2
:1032600031EE211AC0EE011ABCEEE11A81ED001A0E
:10327000154D10352D68C5F3064501EE105AB8EE10
:10328000411AF7EE001A31EE211AC0EE011ABCEE17
:10329000E11A81ED011A0C4D10352D68C5F3066554
:1032A00001EE105AB8EE411AF7EE001A31EE211A6B
:1032B000C0EE011ABCEEE11A81ED021A03E000250E
:1032C0000D604D608D6070BD284402580090D003A1
:1032D000000000460024744C0024744A20BCBE4BFD
:1032E00070B50146844D2D6805F00303824D2D68AD
:1032F000C5F30550804D2D1D2D68C5F300247E4D6E
:103300001C352D68C5F3CC0515FB04F501EE105AEC
:10331000B8EE411AF0EE410A00286FD023B1012B1C
:103320004ED0022B6BD16BE0734D283D2D68C5F359
:1033300040153DB3704D283D2D68C5F3C1066F4D56
:1033400025FA06F201EE102AF8EE411A01EE100AF3
:10335000B8EE411A81EE812A9FED691AC0EE811AFA
:10336000654D18352D68C5F3080501EE105AB8EE05
:10337000411A31EE811AF7EE001A31EE211A22EECF
:10338000010A1CE001EE100AB8EE411ADFED5D1AE9
:1033900081EE812A9FED5A1AC0EE811A564D1835DA
:1033A0002D68C5F3080501EE105AB8EE411A31EE4A
:1033B000811AF7EE001A31EE211A22EE010A5BE0C3
:1033C00001EE100AB8EE411ADFED4F1A81EE812AA4
:1033D0009FED4B1AC0EE811A474D18352D68C5F385
:1033E000080501EE105AB8EE411A31EE811AF7EED7
:1033F000001A31EE211A22EE010A3DE077E01DE0CD
:1034000001EE100AB8EE411A9FED402AC2EE011AF1
:103410009FED3B1A80EE812A374D18352D68C5F394
:10342000080501EE105AB8EE411A32EE011AB7EE55
:10343000002A31EE021A21EE810A1DE001EE100A87
:10344000B8EE411ADFED301A81EE812A9FED2C1A79
:10345000C0EE811A284D18352D68C5F3080501EE18
:10346000105AB8EE411A31EE811AF7EE001A31EE19
:10347000211A22EE010A00BF00BF1F4D18352D682A
:10348000C5F3462501EE105AB8EE411AF7EE001AC0
:1034900031EE211AC0EE011ABCEEE11A81ED001ADC
:1034A000154D18352D68C5F3064501EE105AB8EED6
:1034B000411AF7EE001A31EE211AC0EE011ABCEEE5
:1034C000E11A81ED011A0C4D18352D68C5F306651A
:1034D00001EE105AB8EE411AF7EE001A31EE211A39
:1034E000C0EE011ABCEEE11A81ED021A03E00025DC
:1034F0000D604D608D6070BD284402580090D0036F
:10350000000000460024744C0024744A20BCBE4BCA
:103510002DE9F04104460025A8464FF00062D4E9A9
:10352000001011400020134659404040014331D162
:10353000A06E48B1B0F5801F0DD0B0F5001F11D0BE
:10354000B0F5401F16D114E0F948006840F400308F
:10355000F749086010E0022104F1080002F062FE61
:10356000054609E0022104F1280002F00DFF05469E
:1035700002E001E0012500BF00BF55B9EC4824304E
:10358000006820F44010A16E0843E9492431086026
:1035900000E0A8464FF48073D4E9001019400020E1
:1035A0005940404001432ED1A06D05281BD2DFE8D1
:1035B00000F0030A11181900DD48006840F40030DB
:1035C000DB49086011E0002104F1080002F02AFE46
:1035D00005460AE0002104F1280002F0D5FE054668
:1035E00003E002E001E0012500BF00BF55B9D0486B
:1035F0002430006820F00700A16D0843CC49243135
:10360000086000E0A8464FF40073D4E900101940A8
:10361000002059404040014334D1E06D802818D04B
:1036200003DC40B140281DD10CE0C02818D0B0F513
:10363000807F17D115E0BE48006840F40030BC49D7
:10364000086011E0002104F1080002F0EBFD0546DE
:103650000AE0002104F1280002F096FE054603E08E
:1036600002E001E0012500BF00BF55B9B048243099
:10367000006820F4E070E16D0843AD492431086032
:1036800000E0A8464FF48063D4E900101940002000
:1036900059404040014339D1D4F8A800B0F5800F1B
:1036A0001AD004DC50B1B0F5001F1ED10DE0B0F50A
:1036B000C00F18D0B0F5000F17D115E09C48006876
:1036C00040F400309A49086011E0002104F108003C
:1036D00002F0A8FD05460AE0002104F1280002F0EE
:1036E00053FE054603E002E001E0012500BF00BFF4
:1036F0005DB98F482C30006820F46000D4F8A81021
:1037000008438B492C31086000E0A8464FF4006262
:10371000D4E90010114000201346594040400143B5
:1037200039D1D4F8AC00B0F1007F1AD004DC50B12C
:10373000B0F1807F1ED10DE0B0F1407F18D0B0F124
:10374000806F17D115E07A48006840F4003078495E
:10375000086011E0002104F1080002F063FD054655
:103760000AE0002104F1280002F00EFE054603E005
:1037700002E001E0012500BF00BF5DB96C482C30BC
:10378000006820F0E060D4F8AC10084368492C31A0
:10379000086000E0A8464FF00073D4E9000118402B
:1037A000002158404940084328D1E06CA8B11028B6
:1037B00004D0202809D0302810D10DE05C480068E2
:1037C00040F400305A4908600AE0022104F1080080
:1037D00002F028FD054603E002E001E0012500BFFC
:1037E00000BF55B952482030006820F03000E16C2D
:1037F00008434F492031086000E0A8464FF4805349
:10380000D4E900101940002059404040014337D10D
:10381000206EB0F5005F1AD004DC50B1B0F5805FC7
:103820001ED10DE0B0F5405F18D0B0F5804F17D134
:1038300015E03F48006840F400303D49086011E061
:10384000002104F1080002F0EDFC05460AE0002129
:1038500004F1280002F098FD054603E002E001E0D3
:10386000012500BF00BF55B931482430006820F45D
:10387000E040216E08432E492431086000E0A8464C
:103880004FF40053D4E90010194000205940404043
:10389000014335D1606EB0F5403F1ED007DC68B102
:1038A000B0F5803F0BD0B0F5003F19D10EE0B0F578
:1038B000802F13D0B0F5A02F12D110E012E001211B
:1038C00004F1080002F0AEFC05460BE0012104F112
:1038D000280002F059FD054604E003E002E001E0A3
:1038E000012500BF00BF55B911482430006820F4FD
:1038F000E020616E08430E492431086000E0A846CC
:103900004FF48043D4E90001184000215840494059
:10391000084337D1D4F8B000B0F1405F20D009DCC3
:1039200078B1B0F1805F0DD0B0F1005F1BD110E035
:103930002C440258B0F1804F13D0B0F1A04F12D1F7
:1039400010E012E0012104F1080002F06BFC0546D2
:103950000BE0012104F1280002F016FD054604E009
:1039600003E002E001E0012500BF00BF4DB9FE48C1
:10397000006820F0E040D4F8B0100843FA4908602D
:1039800000E0A8464FF40042D4E9001011400020A6
:10399000134659404040014329D1206FB0B1B0F1E6
:1039A000805F03D0B0F1005F11D108E0EE482C3801
:1039B000006840F40030EC492C39086009E001212E
:1039C00004F1080002F02EFC054602E001E00125AA
:1039D00000BF00BF55B9E4480838006820F04050E7
:1039E000216F0843E0490839086000E0A8464FF01D
:1039F0008072D4E900101140002013465940404025
:103A000001432AD1A06CB8B1012804D002280BD000
:103A1000032812D10FE0D4482C38006840F400305D
:103A2000D1492C3908600AE0022104F1080002F0B3
:103A3000F9FB054603E002E001E0012500BF00BFFD
:103A400055B9C9480C38006820F00300A16C084340
:103A5000C5490C39086000E0A8464FF48002D4E95B
:103A600000011040002113465840494008437DD1D1
:103A7000BE48006840F48070BC490860FFF7D0F889
:103A8000064606E0FFF7CCF8801B642801D9032521
:103A900005E0B648006800F480700028F2D000BF4E
:103AA00085BBB1481830006800F44070B4F8B41019
:103AB00001F44071884213D0AB481830006820F4FC
:103AC0004077A9481830006840F48030A649183182
:103AD00008600846006820F48030086008460760E7
:103AE000D4F8B400B0F5807F15D1FFF799F80646F9
:103AF00009E0FFF795F8801B41F28831884202D92E
:103B0000032507E038E0984818300068C0F340000B
:103B10000028EED000BF55BB00BFB4F8B40000F4DD
:103B20004070B0F5407F0ED18F484838006820F4CF
:103B30007C518F4AD4F8B400104041EA10108A49F1
:103B40004839086007E088484838006820F47C500D
:103B5000854948390860844818300068B4F8B410C2
:103B6000C1F30B0108438049183101E005E001E091
:103B7000086002E0A84600E0A8460122D4E900015E
:103B800010400021134658404940084330D1E06FAF
:103B900018281AD005DC48B1082808D0102817D1F9
:103BA0000CE0202812D0282812D110E012E00121C8
:103BB00004F1080002F036FB05460BE0012104F198
:103BC000280002F0E1FB054604E003E002E001E02A
:103BD000012500BF00BF55B96348001F006820F0F1
:103BE0003800E16F08436049091F086000E0A846FB
:103BF0000222D4E9000110400021134658404940F8
:103C0000084329D1A06F062816D2DFE800F003048C
:103C10000B12131412E0012104F1080002F002FB60
:103C200005460BE0012104F1280002F0ADFB05463A
:103C300004E003E002E001E0012500BF00BF55B948
:103C40004948001F006820F00700A16F084346495B
:103C5000091F086000E0A8460423D4E900101940B9
:103C6000002059404040014329D1D4F8940006284F
:103C700016D2DFE800F003040B12131412E0012146
:103C800004F1080002F0CEFA05460BE0012104F130
:103C9000280002F079FB054604E003E002E001E0C1
:103CA000012500BF00BF4DB92F48006820F0070074
:103CB000D4F8941008432C49086000E0A84620235B
:103CC000D4E900011840002158404940084337D149
:103CD000D4F89000B0F1405F1ED007DC68B1B0F1BD
:103CE000805F0BD0B0F1005F19D10EE0B0F1804FD2
:103CF00013D0B0F1A04F12D110E012E0002104F176
:103D0000080002F08FFA05460BE0022104F12800BA
:103D100002F03AFB054604E003E002E001E0012581
:103D200000BF00BF5DB91048001F006820F0E040F0
:103D3000D4F8901008430C49091F086000E0A84619
:103D40004023D4E90010194000205940404001436D
:103D50003CD1D4F89C00B0F5406F25D00EDCA0B16A
:103D6000B0F5806F12D005E0584402580048025860
:103D7000FFFCFF0FB0F5006F19D10EE0B0F5805FCA
:103D800013D0B0F5A05F12D110E012E0002104F1D1
:103D9000080002F047FA05460BE0022104F1280072
:103DA00002F0F2FA054604E003E002E001E001253A
:103DB00000BF00BF4DB9FE48006820F4E050D4F8C1
:103DC0009C100843FA49086000E0A8468023D4E923
:103DD00000101940002059404040014335D1D4F82B
:103DE000A000B0F5C04F1ED007DC68B1B0F5005F91
:103DF0000BD0B0F5804F19D10EE0B0F5004F13D0C5
:103E0000B0F5204F12D110E012E0002104F10800BB
:103E100002F008FA05460BE0022104F1280002F046
:103E2000B3FA054604E003E002E001E0012500BF2B
:103E300000BF4DB9DE48006820F46040D4F8A010FF
:103E40000843DB49086000E0A8460823D4E90010D5
:103E50001940002059404040014317D1D4F8840054
:103E6000B0F5805F07D1022104F1280002F08CFA3E
:103E700008B14FF00108CE48001F006820F4405000
:103E8000D4F884100843CA49091F08601023D4E9F4
:103E900000101940002059404040014315D1D4F88A
:103EA0009800B0F5807F07D1022104F1280002F0CC
:103EB0006BFA08B14FF00108BD48006820F440706B
:103EC000D4F898100843BA4908604FF40022D4E9A6
:103ED000000110400021134658404940084327D1B3
:103EE000D4F8A40030B1B0F5803F0AD0B0F5003F5F
:103EF0000FD10DE0002104F1080002F093F905460E
:103F000009E0022104F1280002F03EFA054602E031
:103F100001E0012500BF00BF4DB9A548006820F4AD
:103F20004030D4F8A4100843A149086000E0A84636
:103F30004FF48023D4E90001184000215840494043
:103F400008432DD1D4F88800B0F5801F06D0B0F515
:103F5000001F0CD0B0F5401F11D10FE094482C3851
:103F6000006840F4003092492C39086009E00121D2
:103F700004F1280002F008FA054602E001E00125FC
:103F800000BF00BF5DB98A48001F006820F44010E0
:103F9000D4F8881008438649091F086000E0A84645
:103FA0004FF48032D4E900011040002113465840FC
:103FB0004940084325D1206D18B1B0F5803F10D19C
:103FC00008E07B482C38006840F4003078492C39F0
:103FD000086008E0022104F1080002F023F9054618
:103FE00001E0012500BF00BF55B971480C380068D9
:103FF00020F48030216D08436D490C39086000E0E1
:10400000A8464FF00052D4E900101140002013469A
:1040100059404040014307D1022104F1280002F039
:10402000B3F908B14FF001084FF40033D4E90001AF
:104030001840002158404940084329D1D4F8800055
:10404000A0B1B0F5807F06D0B0F5007F0CD0B0F500
:10405000407F0CD109E056482C38006840F400300D
:1040600053492C39086004E003E002E001E0012537
:1040700000BF00BF5DB94E48001F006820F44070CB
:10408000D4F8801008434A49091F086000E0A84698
:104090004FF48012D4E9001011400020134659401B
:1040A0004040014309D142480838006820F00040F0
:1040B000616F08433E49083908604FF08052D4E9E7
:1040C00000101140002013465940404001430AD1DE
:1040D00037484838006820F48040D4F8B8100843C6
:1040E0003349483908604FF40012D4E900101140F8
:1040F0000020134659404040014309D12C4808385C
:10410000006820F08070E16E084329490839086092
:104110004FF08042D4E9001011400020134659406E
:104120004040014311D100BF21484838006820F4C5
:1041300000401F494839086008460068D4F8BC10A0
:1041400008431B494839086000BF4FF00042D4E9DA
:10415000001011400020134659404040014309D14E
:1041600013480C38006820F04050616D0843104936
:104170000C3908604FF40002D4E90010114000200F
:1041800013465940404001430AD10948001F0068C6
:1041900020F44000D4F88C1008430549091F08603A
:1041A000012300216068184001224940504001E08D
:1041B00058440258014306D104F1080002F032F8D5
:1041C000054605B1A846022200216068104049401A
:1041D0005040014307D1012104F1080002F022F808
:1041E000054605B1A8460423002061681940042251
:1041F00040405140084307D1022104F1080002F079
:1042000011F8054605B1A84608230021606818404A
:10421000082249405040014306D104F1280002F031
:10422000B3F8054605B1A846102200216068104089
:1042300049405040014307D1012104F1280002F018
:10424000A3F8054605B1A846202200206168114068
:1042500040405140084307D1022104F1280002F0F8
:1042600093F8054605B1A846B8F1000F02D1002029
:10427000BDE8F0810120FBE72DE9F04104460D4641
:1042800014B90120BDE8F081BD48006800F00F00BE
:10429000A8420ED2BA48006820F00F002843B8495F
:1042A00008600846006800F00F00A84201D0012015
:1042B000E8E7207800F0040004280ED1B149206915
:1042C000096801F07001884207D9AE48006820F003
:1042D000700021690843AB490860207800F00800AD
:1042E000082811D1A749091D6069096801F070010A
:1042F000884209D9A348001D006820F07000616958
:104300000843A049091D0860207800F0100010281B
:1043100011D19C49091DA069096801F4E061884236
:1043200009D99848001D006820F4E060A16908439D
:104330009449091D0860207800F02000202811D140
:1043400090490831E069096801F07001884209D993
:104350008C480830006820F07000E1690843894902
:1043600008310860207800F0020002280ED185494B
:10437000E068096801F00F01884207D981480068A8
:1043800020F00F00E16808437E490860207800F0C3
:104390000100002850D07B48006820F47060A168BC
:1043A0000843784908606068022807D175481838C2
:1043B0000068C0F34040F8B9012063E76068032853
:1043C00007D1704818380068C0F34060A0B90120D8
:1043D00058E76068012807D16A4818380068C0F3B8
:1043E000002048B901204DE7664818380068C0F33E
:1043F000800008B9012045E762480838006820F0CD
:104400000700616808435F4908390860FEF708FC47
:10441000064608E0FEF704FC801B41F28831884222
:1044200001D903202EE757480838006800F038000B
:104430006168B0EBC10FEDD1207800F002000228D6
:104440000ED15049E068096801F00F01884207D297
:104450004C48006820F00F00E168084349490860B3
:104460004748006800F00F00A8420ED94448006891
:1044700020F00F002843424908600846006800F019
:104480000F00A84201D00120FCE6207800F00400D3
:1044900004280ED13B492069096801F07001884267
:1044A00007D23848006820F0700021690843354978
:1044B0000860207800F00800082811D13149091D52
:1044C0006069096801F07001884209D22D48001D19
:1044D000006820F07000616908432A49091D0860DE
:1044E000207800F01000102811D12649091DA0697C
:1044F000096801F4E061884209D22248001D006881
:1045000020F4E060A16908431E49091D0860207875
:1045100000F02000202811D11A490831E06909680B
:1045200001F07001884209D216480830006820F076
:104530007000E169084313490831086000F076F81B
:1045400010490968C1F303210F4A515C01F01F01B2
:1045500020FA01F70B48006800F00F001146085CD4
:1045600000F01F0027FA00F00849086008480760BB
:1045700008480068FEF796FB8046404682E6000049
:104580000020005218440258CC90009004040020EF
:10459000000400200C04002010B500F047F80D497D
:1045A0000968C1F303210C4A515C01F01F0120FA94
:1045B00001F40848006800F00F001146085C00F0A4
:1045C0001F0024FA00F00549086005480460084609
:1045D000006810BD18440258CC90009004040020DC
:1045E0000004002000B5FFF7D7FF05490968C1F3B3
:1045F0000211044A515C01F01F01C84000BD0000D7
:104600001C440258CC90009000B5FFF7C5FF054947
:104610000968C1F30221044A515C01F01F01C8403E
:1046200000BD00001C440258CC900090F0B5824EB2
:10463000366806F0380636B1082E15D0102E15D083
:10464000182E7DD114E07C4E103E3668C6F340161D
:1046500046B1794E103E3668C6F3C107774E26FA4A
:1046600007F000E07548E5E07548E3E07548E1E0F3
:10467000714E1836366806F003046F4E18363668E9
:10468000C6F305116C4E1C36366806F001056A4EFD
:1046900024363668C6F3CC0616FB05F601EE106A22
:1046A000B8EE410A002971D024B1012C50D0022C5F
:1046B0006DD16DE0604E103E3668C6F340163EB3D5
:1046C0005D4E103E3668C6F3C1075C4E26FA07F30E
:1046D00001EE103AF8EE411A01EE101AB8EE411A46
:1046E00081EE812A9FED581AC0EE011A524E2036F3
:1046F0003668C6F3080601EE106AB8EE411A31EECC
:10470000811AF7EE001A31EE211A62EE010A1EE05C
:1047100001EE101AB8EE411ADFED4C1A81EE812A33
:104720009FED491AC0EE011A434E20363668C6F393
:10473000080601EE106AB8EE411A31EE811A00E067
:1047400076E0F7EE001A31EE211A62EE010A5BE024
:1047500001EE101AB8EE411A9FED3D2AC2EE011A81
:104760009FED391A80EE012A334E20363668C6F3A3
:10477000080601EE106AB8EE411A32EE011AB7EEE1
:10478000002A31EE021A61EE810A3DE04EE01DE0A2
:1047900001EE101AB8EE411ADFED2E1A81EE812AD1
:1047A0009FED291AC0EE011A234E20363668C6F353
:1047B000080601EE106AB8EE411A31EE811AF7EEE2
:1047C000001A31EE211A62EE010A1DE001EE101A04
:1047D000B8EE411A9FED1E2AC2EE011A9FED1A1A79
:1047E00080EE012A144E20363668C6F3080601EE24
:1047F000106AB8EE411A32EE011AB7EE002A31EE15
:10480000021A61EE810A00BF00BF0B4E20363668E7
:10481000C6F34626721C01EE102AB8EE411AC0EE0D
:10482000811ABCEEE11A11EE100A00E0002001E04E
:10483000034800BF00BFF0BD104402580090D003F1
:1048400000093D0040787D01000000460024744CC2
:104850000024744A20BCBE4B2DE9F047044614B92D
:104860000120BDE8F087207800F00100002870D01A
:10487000FA48006800F03808F8481830D0F800907E
:10488000B8F1100F06D0B8F1180F0FD109F00300DE
:1048900002280BD1F14810380068C0F340400028CE
:1048A0006AD06068002867D10120DAE700BF60683D
:1048B000B0F5803F08D1E9481038006840F48030F6
:1048C000E649103908602EE0606868B9E34810389E
:1048D000006820F48030E14910390860084600681B
:1048E00020F4802008601EE06068B0F5A02F0DD194
:1048F000DA481038006840F48020D8491039086040
:104900000846006840F4803008600CE0D348103856
:10491000006820F48030D1491039086008460068EA
:1049200020F48020086000BF606898B1FEF778F935
:10493000054606E0FEF774F9401B642801D9032000
:104940008FE7C64810380068C0F340400028F1D017
:1049500012E012E0FEF764F9054606E0FEF760F9A2
:10496000401B642801D903207BE7BC48103800684D
:10497000C0F340400028F1D100BF207800F00200D1
:10498000022874D1B548006800F03808B3481830E0
:10499000D0F80090B8F1000F05D0B8F1180F56D13B
:1049A00009F00300D0BBAD4810380068C0F38000A8
:1049B00018B1E06808B9012053E7A848103800682A
:1049C00020F01900E1680843A44910390860FEF797
:1049D00027F9054606E0FEF723F9401B022801D916
:1049E00003203EE79D4810380068C0F3800000288F
:1049F000F1D000BFFEF70EF941F2030188421AD848
:104A0000206940280BD195480C38006820F47C3090
:104A100040F4003091490C39086017E017E08F48E6
:104A20000C38006820F47C30216940EA01308B4961
:104A30000C3908600AE089480C38006820F0FE4014
:104A4000217C40EA016085490C39086066E0E06835
:104A500088B382481038006820F01900E1680843E4
:104A60007E4910390860FEF7DBF8054607E056E09E
:104A7000FEF7D6F8401B022801D90320F1E677485B
:104A800010380068C0F380000028F1D000BFFEF7A6
:104A9000C1F841F2030188421AD8206940280BD19D
:104AA0006E480C38006820F47C3040F400306B49CC
:104AB0000C39086017E017E068480C38006820F4EB
:104AC0007C30216940EA013064490C3908600AE011
:104AD00062480C38006820F0FE40217C40EA01600A
:104AE0005E490C39086019E05C481038006820F015
:104AF00001005A4910390860FEF792F8054606E0B1
:104B0000FEF78EF8401B022801D90320A9E653487E
:104B100010380068C0F380000028F1D100BF207871
:104B200000F0100010287CD14C48006800F03808D4
:104B30004A481830D0F80090B8F1080F06D0B8F104
:104B4000180F3DD109F00300012839D1434810382E
:104B50000068C0F3002020B1E069802801D0012066
:104B60007FE600BFFEF756F841F2030188421AD8EB
:104B7000206A20280AD139480C38006820F0F84013
:104B800040F0804035490C39086018E033480C3853
:104B9000006820F0F84094F8201040EA81602F4926
:104BA0000C3908600BE02D48001F006820F07C5095
:104BB00094F8201040EA01602849091F086066E067
:104BC000E06978B325481038006840F08000234938
:104BD00010390860FEF724F8054606E0FEF720F8D5
:104BE000401B022801D903203BE61C48103800680E
:104BF000C0F300200028F1D000BFFEF70BF841F20F
:104C0000030188421CD8206A20280CD113480C3894
:104C1000006820F0F84040F0804010490C390860EE
:104C20001AE035E01CE00D480C38006820F0F84030
:104C300094F8201040EA816008490C3908600BE0C4
:104C40000648001F006820F07C5094F8201040EACD
:104C500001600249091F086019E000001044025871
:104C6000FA48006820F08000F8490860FDF7D8FF96
:104C7000054606E0FDF7D4FF401B022801D90320BA
:104C8000EFE5F2480068C0F300200028F2D100BF31
:104C9000207800F00800082836D16069D0B1EB48D0
:104CA0007430006840F00100E84974310860FDF795
:104CB000B7FF054606E0FDF7B3FF401B022801D908
:104CC0000320CEE5E14874300068C0F340000028BE
:104CD000F1D019E0DD487430006820F00100DB49B4
:104CE00074310860FDF79CFF054606E0FDF798FF6C
:104CF000401B022801D90320B3E5D4487430006872
:104D0000C0F340000028F1D1207800F020002028D6
:104D100030D1A069B8B1CD48006840F48050CB498B
:104D20000860FDF77DFF054606E0FDF779FF401BB3
:104D3000022801D9032094E5C4480068C0F340303C
:104D40000028F2D016E0C148006820F48050BF4926
:104D50000860FDF765FF054606E0FDF761FF401BB3
:104D6000022801D903207CE5B8480068C0F3403030
:104D70000028F2D1207800F0040004287DD1B44846
:104D8000006840F48070B2490860FDF749FF0546AD
:104D900006E0FDF745FF401B642801D9032060E5CC
:104DA000AB48006800F480700028F2D000BFA06813
:104DB000012808D1A5487030006840F00100A349DF
:104DC000703108602DE0A06868B9A04870300068B4
:104DD00020F001009D49703108600846006820F00D
:104DE000040008601DE0A06805280DD197487030C8
:104DF000006840F00400954970310860084600687A
:104E000040F0010008600CE090487030006820F02D
:104E100001008E49703108600846006820F00400E7
:104E2000086000BFA068A0B1FDF7FAFE054608E0E3
:104E3000FDF7F6FE401B41F28831884201D903207C
:104E40000FE5824870300068C0F340000028EFD0C2
:104E500013E0FDF7E5FE054608E0FDF7E1FE401B27
:104E600041F28831884201D90320FAE47748703052
:104E70000068C0F340000028EFD1606A00287DD0B0
:104E800072481030006800F03800182877D0606A47
:104E9000022875D16D48006820F080706B49086069
:104EA000FDF7BEFE054606E0FDF7BAFE401B0228F0
:104EB00001D90320D5E465480068C0F340600028AC
:104EC000F2D100BFD4E90A1041EA00105F4928314D
:104ED000096840F2F332914308435C492831086085
:104EE000208E401EC0F30800616B491E4FF47E42C5
:104EF00002EA41210843218F491ED20102EA014101
:104F000008433C21095D491E120202EA016108437F
:104F10004E493031086000BF081F006820F00100D2
:104F2000091F08604948343000684FF6F87188431B
:104F3000A16C40EAC10045493431086043482C3037
:104F4000006820F00C00216C084340492C310860B7
:104F50000846006820F00200616C08433B492C3190
:104F600008600846006840F4803008600846006821
:104F700040F4003008600846006802E093E038E042
:104F80001FE040F4802008600846006840F00100FF
:104F900008602E48006840F080702C490860FDF7DA
:104FA0003FFE054606E0FDF73BFE401B022801D907
:104FB000032056E425480068C0F340600028F2D082
:104FC00071E02248006820F0807020490860FDF7F9
:104FD00027FE054606E0FDF723FE401B022801D907
:104FE00003203EE419480068C0F340600028F2D175
:104FF00059E0164828300768144830300668606A5F
:10500000012821D007F00301A06A81421CD1C7F317
:105010000511E06A884217D1C6F30801206B401ED3
:10502000814211D1606B401EC6F3462188420BD1EC
:10503000A06B401EC6F30641884205D1E06B401EBE
:10504000C6F30661884205D001200AE400440258F4
:105050000048025815480068C0F3CC07A06CB8425D
:1050600021D012480838006820F001000F490839A3
:105070000860FDF7D5FD054600BFFDF7D1FD401BDB
:10508000FBD00A4800684FF6F8718843A16C40EAEB
:10509000C1000649086005480838006840F0010072
:1050A00002490839086000204AE4000034440258EC
:1050B00070B50446E56A2068406BC0F3C03030B17B
:1050C00005F0080018B1204601F048FB30E12068E7
:1050D000406BC0F3002000287AD04FF48070216824
:1050E00088632068C06B4CF23A1188432168C8631A
:1050F0002068C06B20F080502168C8632068C068B9
:1051000020F040002168C86005F0080040B305F0B9
:10511000020010B905F0200058B1206801F0EEF946
:10512000064636B1606B304360632046D4F8841085
:105130008847804821688863012084F83000002077
:10514000E06205F0010010B905F0020020B1204630
:10515000D4F880108847EBE02046E16F8847E7E00D
:1051600005F080000028B1D0002021688862216805
:10517000C8622168086505F0020010B905F020003A
:1051800058B1206801F0BAF9064636B1606B304379
:1051900060632046D4F884108847012084F83000EA
:1051A0000020E06205F0100010B905F0200010B1F9
:1051B0002046E16F884705F0010018B905F00200AC
:1051C0000028C8D02046D4F880108847B0E0FFE718
:1051D0002068406BC0F3803030B105F0080018B192
:1051E000204601F0DCFAA3E02068406B00F03A00B2
:1051F00008B1012000E00020002872D02068406B38
:10520000C0F3400018B1606B40F00200606320689A
:10521000406BC0F3C00018B1606B40F008006063E1
:105220002068406BC0F3401018B1606B40F0200064
:1052300060632068406BC0F3001018B1606B40F0F1
:10524000100060633B48216888632068C06B20F4CD
:105250009D702168C8632068C06820F04000216804
:10526000C8602068C06A40F400502168C8622068A5
:10527000C06840F080002168C860206801F03EF9F5
:10528000616B084360632068C06820F0800021687B
:10529000C8604FF400602168886305F0080048B1D9
:1052A000012084F830000020E0622046D4F8841009
:1052B00088473DE005F0800040B3606B30B3206864
:1052C000C06B20F080502168C86300202168086509
:1052D000012084F830002046D4F88410884727E065
:1052E000FFE72068406BC0F3007078B14FF080504A
:1052F000216888632068006D00F0040060B905F043
:10530000200020B12046D4F89810884710E02046AD
:10531000D4F8901088470BE005F0200020B120461B
:10532000D4F89410884703E02046D4F88C108847BE
:1053300070BD00003A0F00182DE9F05F04462068A8
:1053400007692068D0F8148007EA08052068D0F8BB
:1053500008904FF0000A94F88160206800F1300B4B
:1053600008F40060B0F5006F0FD107F008000828BE
:105370000BD12068806940F4006021688861204674
:10538000D4F8A8108847BDE8F09F05F0400070B938
:1053900005F0200058B905F00400042807D1204684
:1053A000616F88472046216F88474FF0010A05F05A
:1053B000400050B905F0010038B105F0040020B9F3
:1053C0002046216F88474FF0010A05F0200058B9A8
:1053D00005F00200022807D105F0040020B920469C
:1053E000616F88474FF0010ABAF1000F00D0CAE799
:1053F00005F00800082867D12068806940F008009F
:10540000216888612068806940F010002168886107
:105410002068806940F40060216888612068006924
:1054200020F00800216808612068806800F440408E
:1054300038BB22E0E0680F2807D92068006B616E56
:105440000860606E001D606612E0E068072807D9FA
:10545000BBF80000616E0880606E801C606607E02B
:10546000206890F83000616E0870606E401C6066C5
:10547000B4F86A00401EA4F86A00B4F86A00002874
:10548000D8D1204601F062FB012084F88100D4F8D5
:10549000840020B12046D4F8A010884773E7052E79
:1054A00004D12046D4F8901088470CE0042E04D193
:1054B0002046D4F88C10884705E0032E03D12046FF
:1054C000D4F8881088475EE705F4587000287ED02D
:1054D00005F0400058B1D4F8840040F00400C4F84E
:1054E00084002068806940F040002168886105F4EC
:1054F000007058B1D4F8840040F00100C4F8840072
:105500002068806940F400702168886105F480702B
:1055100058B1D4F8840040F00800C4F88400206832
:10552000806940F480702168886105F0200058B1DE
:10553000D4F8840040F08000C4F8840020688069BA
:1055400040F0200021688861D4F88400A8B3206866
:10555000006820F00100216808602068006940F2BE
:105560006B3188432168086109F44040B0F5404F31
:1055700025D12068806820F4404021688860E06F71
:1055800060B11448E16F0865E06FFBF763FE28B176
:10559000D4F8840040F04000C4F88400A06F60B1EB
:1055A0000C48A16F0865A06FFBF754FE28B1D4F832
:1055B000840040F04000C4F8840007E007E00120C8
:1055C00084F881002046D4F8A0108847DBE600BFAD
:1055D000D9E60000496C009070B504462546681E67
:1055E000B0F1807F01D301200FE0681E4FF0E02171
:1055F00048610F214FF0FF3002F06CFD00204FF0AA
:10560000E021886107200861002070BD7047704765
:1056100070477047014600BF0868006A41F21112E6
:10562000104050B90868006A9210104028B9086804
:10563000006820F001000A68106000BF012081F8B6
:105640003D00002070477047084A016891420CD124
:10565000017F022909D1054934310968044A1160E2
:10566000024938310968034A11607047000C004054
:105670001404002018040020704770B50446206808
:10568000C6682068056905F0020002281CD106F0F2
:105690000200022818D1401F2168086101202077EC
:1056A0002068806900F0030020B12046D4F89410EF
:1056B000884707E02046D4F89C1088472046D4F855
:1056C000A01088470020207705F0040004281CD192
:1056D00006F00400042818D1C043216808610220A4
:1056E00020772068806900F4407020B12046D4F80B
:1056F0009410884707E02046D4F89C10884720463D
:10570000D4F8A01088470020207705F0080008286A
:105710001CD106F00800082818D1C0432168086190
:10572000042020772068C06900F0030020B12046E3
:10573000D4F89410884707E02046D4F89C10884796
:105740002046D4F8A01088470020207705F01000EC
:1057500010281CD106F01000102818D1C043216871
:105760000861082020772068C06900F4407020B1EB
:105770002046D4F89410884707E02046D4F89C10BF
:1057800088472046D4F8A01088470020207705F0ED
:10579000010050B106F0010038B16FF0010021683E
:1057A00008612046D4F88410884705F080008028DE
:1057B00004D005F40050B0F5005F0BD106F0800076
:1057C000802807D16FF40250216808612046D4F880
:1057D000B410884705F48070B0F5807F0BD106F0D7
:1057E0008000802807D16FF480702168086120460E
:1057F000D4F8B810884705F0400040280AD106F0D8
:105800004000402806D1C043216808612046D4F8F2
:105810008C10884705F0200020280AD106F02000CF
:10582000202806D1C043216808612046D4F8AC1076
:10583000884770BD7047000030B504460D46002211
:105840002946206801F0D0FB2F49206888420FD0FC
:105850002E49206888420BD02D492068884207D005
:105860002C492068884203D02B492068884201D106
:10587000012000E0002090B100BF2068006A41F2E2
:105880001111084050B92068006A8910084028B9F1
:105890002068406C20F400402168486400BF00BFCD
:1058A0002068006A41F21111084050B92068006A6E
:1058B0008910084028B92068006820F0010021689C
:1058C000086000BF1DB9012084F83E001AE0042DD5
:1058D00003D101213F20015514E0082D03D10121FE
:1058E000402001550EE00C2D03D10121412001552E
:1058F00008E0102D03D101214220015502E00121D1
:1059000043200155002030BD00000140000401404B
:105910000040014000440140004801402DE9F041B1
:1059200004460D461646002700BF94F83C000128A7
:1059300002D10220BDE8F081012084F83C0000BFC4
:105940000C2E51D005DC4EB1042E1ED0082E7AD17B
:1059500033E0102E60D0142EF9D175E0294620686E
:1059600001F054FB2068806940F0080021688861DC
:105970002068806920F004002168886120688069BF
:10598000296908432168886178E02946206801F088
:1059900093FB2068806940F400602168886120687A
:1059A000806920F4806021688861206880692969A5
:1059B00040EA01202168886160E02946206801F002
:1059C000D5FB2068C06940F008002168C8612068E4
:1059D000C06920F004002168C8612068C069296995
:1059E00008432168C86149E02946206801F018FC95
:1059F0002068C06940F400602168C8612068C069FF
:105A000020F480602168C8612068C069296940EA83
:105A100001202168C86131E02946206801F03AFC84
:105A20002068406D40F00800216848652068406D9E
:105A300020F00400216848652068406D296908430A
:105A4000216848651AE017E02946206801F05AFCF1
:105A50002068406D40F40060216848652068406D12
:105A600020F48060216848652068406D296940EA1B
:105A700001202168486501E0012700BF00BF00BF89
:105A8000002084F83C0000BF384653E710B50446B8
:105A9000022084F83D0000BF2068006A41F2111125
:105AA000084050B92068006A8910084028B9206869
:105AB000006820F001002168086000BFA06E08B9EE
:105AC0001448A0662046A16E8847002084F848004C
:105AD00000BF84F83E0000213F20015540200155C1
:105AE00041200155422001554320015500BF00BF10
:105AF000002084F8440045200155462001554720E8
:105B0000015500BF002084F83D0000BF84F83C0030
:105B100000BF10BD995B009010B504460CB9012080
:105B200010BD94F83D0060B9002084F83C00204688
:105B300001F020FC606E08B9164860662046616E70
:105B40008847022084F83D00211D206801F0E2F919
:105B5000012084F8480000BF84F83E0001213F2066
:105B60000155402001554120015542200155432057
:105B7000015500BF00BF012084F8440045200155B5
:105B8000462001554720015500BF012084F83D0003
:105B90000020C5E79B5B00907047704770477047D7
:105BA00070B504460D4615B994F83E0015E0042D75
:105BB00002D13F20005D10E0082D02D14020005DA1
:105BC0000BE00C2D02D14120005D06E0102D02D12A
:105BD0004220005D01E04320005D012801D001204A
:105BE00070BD1DB9022084F83E001AE0042D03D1D7
:105BF00002213F20015514E0082D03D1022140204D
:105C000001550EE00C2D03D102214120015508E081
:105C1000102D03D102214220015502E00221432030
:105C2000015501222946206801F0DEF92B49206840
:105C300088420FD02A49206888420BD02949206821
:105C4000884207D028492068884203D02749206825
:105C5000884201D1012000E0002028B12068406C7A
:105C600040F40040216848641C49206888421BD0E9
:105C70002068B0F1804F17D01D492068884213D0AA
:105C80001C49206888420FD01B49206888420BD0ED
:105C900013492068884207D018492068884203D0F9
:105CA00010492068884210D120688068144900EAB1
:105CB0000106062E0FD0B6F5803F0CD02068006894
:105CC00040F001002168086005E02068006840F0AD
:105CD000010021680860002082E700000000014008
:105CE00000040140004001400044014000480140E0
:105CF0000004004000080040000C00400018004074
:105D00000700010030B504460D46002229462068F0
:105D100001F06AF92F49206888420FD02E49206887
:105D200088420BD02D492068884207D02C49206832
:105D3000884203D02B492068884201D1012000E02D
:105D4000002090B100BF2068006A41F211110840A4
:105D500050B92068006A8910084028B92068406C52
:105D600020F400402168486400BF00BF2068006A3A
:105D700041F21111084050B92068006A89100840AA
:105D800028B92068006820F001002168086000BF81
:105D90001DB9012084F83E001AE0042D03D1012131
:105DA0003F20015514E0082D03D101214020015569
:105DB0000EE00C2D03D101214120015508E0102DEA
:105DC00003D101214220015502E001214320015568
:105DD000002030BD000001400004014000400140AF
:105DE000004401400048014010B5044605492068C0
:105DF000884206D10448FFF70DFC00210248FFF756
:105E00001BFD10BD00000140BC0000307047704712
:105E100070477047704770477047704770477047CA
:105E20007047000010B504460CB9012010BDA069F0
:105E300000B100E000BFD4F8880078B9002084F8F1
:105E40008400204601F0FAFBD4F8C40010B91848C9
:105E5000C4F8C4002046D4F8C41088472420C4F8ED
:105E600088002068006820F0010021680860A06AAE
:105E700010B1204601F0BAFA204601F013FC0128C7
:105E800000D1D3E72068406820F490402168486042
:105E90002068806820F02A002168886020680068F7
:105EA00040F0010021680860204601F01BFBBDE7BF
:105EB000B55E0090704770477047704770470000AC
:105EC00010B504463B48006800F0004048B139482E
:105ED000006840F0004037490860A069801CA0615C
:105EE00010BD344808380068334908623148001F43
:105EF000007881F824002F48C01E007888622D4861
:105F00000C300068C8622B48801E0088088629482B
:105F1000006848632748001D0068886325481030E2
:105F20000068C86300202549086000BF2348006856
:105F30000028FBD020492068086060684860A0689D
:105F40008860E068C8602069086160694861A0698C
:105F50008861E069C8611AA1002000F0B5FC16480C
:105F600082691BA1002000F0AFFC134842691CA10C
:105F7000002000F0A9FC0F48001F02681CA10020AF
:105F800000F0A2FC0B4802681DA1002000F09CFC60
:105F900008480C3002681EA1002000F095FC00208B
:105FA0000649086000BF054800680028FBD000BF14
:105FB00096E700002CED00E0C80400201C0400203F
:105FC00048617264204661756C74210D0A000000FE
:105FD0005043203D203078253038580D0A0000000D
:105FE0004C52203D203078253038580D0A000000F2
:105FF00043465352203D203078253038580D0A0052
:1060000048465352203D203078253038580D0A003C
:1060100042464152203D203078253038580D0A0044
:1060200010B50248FCF76BFE10BD0000341E0030B6
:106030001FB5FCF78FFF01208DF8000000200190B4
:106040001F208DF8080000208DF80B008DF80F0040
:106050008DF80E0001208DF80D0000208DF8010054
:106060008DF80A0087208DF8090001208DF80C00BA
:106070006846FCF741FF01208DF800004FF01050FA
:10608000019012208DF8080003208DF80B000020ED
:106090008DF80F008DF80E0001208DF80D008DF8A1
:1060A00001008DF80A0000208DF8090001208DF80C
:1060B0000C006846FCF720FF01208DF800004FF02F
:1060C0001040019017208DF8080003208DF80B0078
:1060D00001208DF80F008DF80E0000208DF80D00C6
:1060E00002208DF8010001208DF80A0000208DF8B3
:1060F00009008DF80C006846FCF7FEFE01208DF8C3
:1061000000004FF0C040019019208DF808000320D6
:106110008DF80B0001208DF80F0000208DF80E0087
:1061200001208DF80D0003208DF8010000208DF86E
:106130000A008DF8090001208DF80C006846FCF774
:10614000DBFE01208DF800004FF0605001900F2021
:106150008DF8080003208DF80B0000208DF80F004B
:106160008DF80E0001208DF80D0004208DF801003F
:1061700001208DF80A0000208DF8090001208DF81B
:106180000C006846FCF7B8FE01208DF800004FF0C7
:106190004050019011208DF8080003208DF80B006D
:1061A00000208DF80F008DF80E0001208DF80D00F5
:1061B00005208DF8010001208DF80A0000208DF8DF
:1061C000090001208DF80C006846FCF795FE0420BC
:1061D000FCF7D6FE1FBD00008CB001680B91416832
:1061E0000A9181680991C168089101690791416923
:1061F000069181690591C169049108490968039173
:106200000649091D0968029104490C310968019188
:10621000024910310968009100BFFEE728ED00E057
:10622000704770472DE9F04104460E460027554857
:10623000006800F00300032802D10120BDE8F081CE
:1062400050482838006820F080604E49283908609E
:10625000FCF7E6FC054606E0FCF7E2FC401B0228E2
:1062600001D90320EAE7474828380068C0F3C06036
:106270000028F1D100BF4348006820F47C30216839
:1062800040EA01303F490860A088401EC0F3080082
:10629000A168491E4FF47E4202EA41210843A189C8
:1062A000491ED20102EA01410843217C491E120223
:1062B00002EA0161084333491031086000BF3148E8
:1062C000001D006820F0C000616908432D49091DC8
:1062D00008600846006820F02000A16908432949A9
:1062E000091D08600846006820F010000860254875
:1062F000143000684FF6F8718843E16940EAC10044
:106300002049143108601F48001D006840F010004B
:106310001C49091D08602EB90846006840F4002099
:10632000086012E0012E08D11648001D006840F4F4
:1063300080101449091D086007E01248001D00681C
:1063400040F400100F49091D08600E482838006805
:1063500040F080600B4928390860FCF761FC054675
:1063600006E0FCF75DFC401B022801D9032065E72D
:10637000044828380068C0F3C0600028F1D03846CF
:106380005CE70000284402582DE9F04104460E461F
:1063900000275548006800F00300032802D10120BF
:1063A000BDE8F08150482838006820F080504E4900
:1063B00028390860FCF734FC054606E0FCF730FCA1
:1063C000401B022801D90320EAE747482838006823
:1063D000C0F340700028F1D100BF4348006820F0AE
:1063E0007C70218840EA01503F490860A088401E27
:1063F000C0F30800A168491E4FF47E4202EA412121
:106400000843A189491ED20102EA01410843217CC7
:10641000491E120202EA016108433349183108603B
:1064200000BF3148001D006820F4406061690843E6
:106430002D49091D08600846006820F40070A16914
:1064400008432949091D08600846006820F4807047
:10645000086025481C3000684FF6F8718843E169F0
:1064600040EAC10020491C3108601F48001D006837
:1064700040F480701C49091D08602EB90846006868
:1064800040F48000086012E0012E08D11648001D7B
:10649000006840F400001449091D086007E0124834
:1064A000001D006840F080700F49091D08600E480B
:1064B0002838006840F080500B4928390860FCF704
:1064C000AFFB054606E0FCF7ABFB401B022801D9F9
:1064D000032065E7044828380068C0F340700028AE
:1064E000F1D038465CE700002844025810B5024855
:1064F000FEF7DEFD10BD0000681D003030B585B030
:106500000446002000900C2001904FF4807002900F
:10651000002003904FF480500490E06840F0800029
:10652000E060E06820F04000E0606946204600F04E
:10653000F9F8084A0C21204600F00EF80546E068FC
:1065400020F08000E060B5F1007F00D100252846F2
:1065500005B030BD00E1F5052DE9F04305460F46D5
:10656000904666480068C0084FF47A71B0FBF1F0BD
:1065700000FB08F900BFB9F10000A9F1010903D13E
:106580004FF00040BDE8F0836E6B5D48304000285E
:10659000F1D006F400500028EDD1686B00F0040043
:1065A00010B10420A863EDE7686B00F0010010B1A2
:1065B0000120A863E6E752488030A863284600F02F
:1065C000A3F8B84201D00120DCE70021284600F002
:1065D0009FF804464B48204008B90020D2E704F059
:1065E0000040B0F1004F02D14FF00070CAE704F054
:1065F0008040B0F1804F01D14020C3E704F000504B
:10660000B0F1005F01D18020BCE704F08050B0F110
:10661000805F02D14FF48070B4E704F00060B0F105
:10662000006F02D14FF40070ACE704F08060B0F16D
:10663000806F02D14FF48060A4E704F08070B0F165
:10664000807F02D14FF400609CE704F40000B0F5B5
:10665000000F02D14FF4805094E704F48000B0F5AD
:10666000800F02D14FF400508CE704F40010B0F515
:10667000001F02D14FF4804084E704F48010B0F58D
:10668000801F02D14FF400407CE704F48020B0F575
:10669000802F02D14FF4003074E704F40030B0F5DD
:1066A000003F02D14FF480206CE704F48030B0F555
:1066B000803F02D14FF4002064E704F40040B0F5BD
:1066C000004F02D14FF480105CE704F48040B0F535
:1066D000804F02D14FF4001054E704F40050B0F59D
:1066E000005F02D14FF480004CE704F00800082856
:1066F00001D1000546E74FF4803043E70004002055
:106700004500200008E0FFFD01460869C0B270475F
:10671000024602F114004318186870470146D1F888
:106720008000704710B50246002308689060D1E9E8
:1067300001042043CC6820430C6920430343D06804
:10674000024C20401843D060002010BDC0E0FEFF86
:1067500002460868C2F88000002070472DE9F04129
:1067600005466C6AA86A202817D300270FE028681E
:10677000FFF7D4FF06462670641C300A2070641CA4
:10678000300C2070641C300E2070641C7F1C082F9D
:10679000EDD36C62A86A2038A862BDE8F081F8B534
:1067A0000546EC69286A202821D3002619E02078C4
:1067B0000090641C2078009941EA00200090641C3D
:1067C0002078009941EA00400090641C20780099EC
:1067D00041EA00600090641C69462868FFF7B8FF32
:1067E000761C082EE3D3EC61286A20382862F8BDB5
:1067F00010B501F091FA10BD2DE9F04104460D46A7
:10680000164600BF0E4F3878532801D001F084FAA5
:1068100000BFEFF311800746202080F3118800BFEE
:1068200000BF32462946204600F00CF88046F8B2F8
:1068300080F3118800BF00BF4046BDE8F081000032
:10684000200400202DE9F047074688461646C24638
:1068500007EB47011B4800EBC109D9F8140020B130
:10686000012811D0022826D11EE0484601F08CFAFA
:106870000546B54201D2002405E034463246514671
:10688000484601F0D8FB18E0484601F07DFA05467D
:10689000B54201D2284600E0304604462246514621
:1068A000484601F0C8FB08E032465146484601F030
:1068B00087FB044601E0002400BF00BF2046BDE87E
:1068C000F0870000380400200FB438B5044606A84D
:1068D00000906A462046059900F008F80546002019
:1068E0000090284638BC5DF814FB00002DE9F74FF6
:1068F00098B00D46144602A8139040201490002032
:106900001590189817900020169000BF2E786D1CD7
:1069100006B9FBE0252E73D100274FF0010A00BF16
:106920002E78232E12D02B2E0CD02D2E02D0302ECE
:1069300010D103E047F001076D1C0EE047F002079D
:106940006D1C0AE047F004076D1C06E047F00807DD
:106950006D1C02E04FF0000A00BF00BFBAF1000F4B
:10696000DED14FF0000900BF2E78302E01DB392E2A
:1069700000DD07E06D1CA6F1300009EB890100EB9A
:106980004109F1E700BF0020129080462E782E2E9C
:106990001ED16D1C28782A2808D16D1C0120129068
:1069A0002168081D2060D1F8008011E000BF2E781A
:1069B000302E01DB392E00DD09E0012012906D1C24
:1069C000A6F1300008EB880100EB4108EFE700BFBB
:1069D0002E7800BF6C2E01D0682E02D16D1C2E784F
:1069E00000E000E0F6E700BF702E6CD009DC252E39
:1069F0007BD0582E35D0632E0AD0642E7AD113E086
:106A00007CE0732E3BD0752E1CD0782E72D127E0FF
:106A10002168081D2060D1F800A00AF0FF0B59463C
:106A200013A801F0ABFA66E02168081D2060D1F8D8
:106A300000A043460A22514613A8CDE9009701F071
:106A4000B1F958E02168081D2060D1F800A0434644
:106A50000A22514613A8CDE9009701F019FA4AE03D
:106A600000BF2168081D2060D1F800A04346102215
:106A7000514613A8CDE9009701F00AFA3BE02168DE
:106A8000081D2060D1F800B0BBF1000F03D10FF258
:106A9000A40B0020129000BF9BF800600BF1010BCB
:106AA00006B90EE0129818B1B8F1000F00D108E055
:106AB000314613A801F062FAA8F1010816980028DF
:106AC000EADA00BF17E02168081D2060D1F800A0B5
:106AD000002008210B461022CDE90010514613A8D2
:106AE00001F0D6F907E000E004E0252113A801F049
:106AF00045FA00E000BF00BF6D1C03E0314613A85B
:106B000001F03CFA16980028BFF600AF00BF1698B7
:106B100000280ADD159820B102A9159A1898FFF7E8
:106B20006BFEDDE915100844169016981BB0BDE801
:106B3000F08F0000284E554C4C29000010B502483B
:106B4000FEF7FAFB10BD00009801003002685169A1
:106B50000268926942F0080203689A6102689269C9
:106B600042F0100203689A610268126822F0010282
:106B700003681A600268126940F26F339A4303682F
:106B80001A610268926822F4404203689A6090F8A1
:106B90008120042A0ED001F020025AB1D0F88420BE
:106BA00042F08002C0F884200268926942F020021C
:106BB00003689A6190F88120032A21D001F04002F5
:106BC0005AB1D0F8842042F00402C0F88420026850
:106BD000926942F0400203689A61826AB2F5800FBE
:106BE0000ED101F080025AB1D0F8842042F00202A6
:106BF000C0F884200268926942F0800203689A61BA
:106C000001F400725AB1D0F8842042F00102C0F8B9
:106C100084200268926942F4007203689A6101F468
:106C200080725AB1D0F8842042F00802C0F8842063
:106C30000268926942F4807203689A610022A0F8A7
:106C40006220A0F86A20704770B50546AC6B002042
:106C50006234208120800120E077D4F83E10623C2D
:106C60002046884770BD704710B59CB0002454483A
:106C7000006820F004005249086000BF0020009026
:106C80005048006820F001004E490860084600683E
:106C900000F0010000904A480C30006840F4404089
:106CA00047490C3108600846006800F440400090F5
:106CB00000BF00BF00BF42480C30006800F4005025
:106CC000B0F5005FF7D10120019000040290002090
:106CD0000490089002200A9002210B9105210C914A
:106CE000A0210D910021139102210E9110910421F8
:106CF0000F91002112910821119101A8FDF7ACFD1F
:106D000004460CB1FAF70AF93F20149003201590BD
:106D1000002016900820179040201890199000012C
:106D20001A9040201B90042114A8FDF7A5FA0446F0
:106D30000CB1FAF7F3F82448006840F080002249CB
:106D4000086000BF2048F430006840F002001E498F
:106D5000F43108600846006800F00200009000BFAF
:106D600000BF00BF1848DC30006840F000501649F2
:106D7000DC3108600846006800F00050009000BF59
:106D800000BF00BF0846006840F080400860084629
:106D9000006800F08040009000BF00BF00BF0846C0
:106DA000006840F0004008600846006800F00040BD
:106DB000009000BF00BFFBF725FC1CB010BD000019
:106DC0000C4802582C040058004402583F48006800
:106DD00040F470003D4908603D48006800F00F0035
:106DE000072806D23A48006820F00F00C01D384935
:106DF00008603848006840F001003649086000200B
:106E0000344910310860334800683349084031493B
:106E100008602F48006800F00F00072806D92C48AA
:106E2000006820F00F00C01D294908600020294992
:106E300018310860091D0860091D086027482549A8
:106E4000283108602648091D08602648091D086089
:106E50000020091D08602348091D08600020091D45
:106E600008602048091D08600020091D08601948B5
:106E7000006820F48020174908600020154960311F
:106E80000860194800686FF30F00B0F1005F02D28C
:106E90000120164908600F48D430006800F4805083
:106EA00098B90C48D430006840F480500949D43176
:106EB000086043F2D2000E4908600648D4300068EA
:106EC00020F480500349D4310860704788ED00E019
:106ED00000200052004402587FEDF6EA0002020250
:106EE0000000FF01800201010010005C08810051D8
:106EF0000040005210B50248FEF7BFFB10BD000075
:106F0000BC00003010B50248FEF7B7FB10BD000012
:106F10000000003010B502682B4B98420ED0B0F143
:106F2000804F0BD0294B984208D0294B984205D06E
:106F3000284B984202D0284B984203D122F070028D
:106F40004B681A43204B984217D0B0F1804F14D0B1
:106F50001E4B984211D01E4B98420ED01D4B9842AA
:106F60000BD01D4B984208D01C4B984205D01C4BAF
:106F7000984202D01B4B984203D122F44072CB6856
:106F80001A4322F080034C6943EA04028B68C3620F
:106F90000B6883620C4B98420BD00F4B984208D081
:106FA0000E4B984205D00E4B984202D00D4B9842A2
:106FB00001D10B690363036843F0040303600123F9
:106FC0004361026010BD0000000001400004004069
:106FD00000080040000C0040000401400040014057
:106FE000004401400048014030B501F01F05012474
:106FF00004FA05F3046A9C430462046A01F01F0565
:1070000002FA05F52C43046230BD000030B5026A77
:10701000056A25F00105056243688469204D2C400E
:1070200024F003040D682C4322F002028D682A43E9
:107030001C4DA84200D10FE01B4DA84200D10BE02F
:107040001A4DA84200D107E0194DA84200D103E033
:10705000184DA84206D100BF22F00802CD682A438D
:1070600022F004020F4DA8420BD00F4DA84208D0C9
:107070000E4DA84205D00E4DA84202D00D4DA8429B
:1070800007D123F4807323F400734D692B438D697A
:107090002B43436084614D684563026230BD00004C
:1070A0008FFFFEFF0000014000040140004001404E
:1070B000004401400048014030B5026A056A25F0ED
:1070C0001005056243688469224D2C4024F4407405
:1070D0000D6844EA052422F020028D6842EA051278
:1070E0001D4DA84200D10FE01C4DA84200D10BE07D
:1070F0001B4DA84200D100BF1A4DA84200D100BFCD
:10710000194DA84207D106E022F08002CD6842EA7C
:10711000051222F04002104DA8420BD00F4DA8429C
:1071200008D00F4DA84205D00E4DA84202D00E4DFA
:10713000A84209D123F4806323F400634D6943EA34
:1071400085038D6943EA8503436084614D688563E7
:10715000026230BDFF8FFFFE0000014000040140CD
:1071600000400140004401400048014030B5026A3F
:10717000056A25F4807505624368C469224D2C4078
:1071800024F003040D682C4322F400728D6842EA57
:1071900005221E4DA84200D10FE01D4DA84200D18E
:1071A0000BE01C4DA84200D100BF1B4DA84200D1EE
:1071B00000BF1A4DA84207D106E022F40062CD6854
:1071C00042EA052222F48062104DA8420BD0104DF5
:1071D000A84208D00F4DA84205D00F4DA84202D0BA
:1071E0000E4DA84209D123F4805323F400534D6976
:1071F00043EA05138D6943EA05134360C4614D6892
:10720000C563026230BD00008FFFFEFF0000014039
:10721000000401400040014000440140004801409A
:1072200030B5036A056A25F4805505624468C26971
:10723000124D2A4022F440720D6842EA052223F4DE
:1072400000538D6843EA05330D4DA8420BD00D4D18
:10725000A84208D00C4DA84205D00C4DA84202D03F
:107260000B4DA84204D124F480444D6944EA8514AE
:107270004460C2614D680564036230BDFF8FFFFE4C
:107280000000014000040140004001400044014072
:107290000048014030B5026A056A25F48035056270
:1072A0004368446D114D2C400D682C4322F400328C
:1072B0000D8942EA05420E4DA8420BD00D4DA84261
:1072C00008D00D4DA84205D00C4DA84202D00C4D5F
:1072D000A84204D123F480334D6943EA0523436077
:1072E00044654D688565026230BD00008FFFFEFF7A
:1072F0000000014000040140004001400044014002
:107300000048014030B5026A056A25F4801505621F
:107310004368446D114D2C400D6844EA052422F465
:1073200000120D8942EA05520D4DA8420BD00D4DB9
:10733000A84208D00C4DA84205D00C4DA84202D05E
:107340000B4DA84204D123F480234D6943EA8523E1
:10735000436044654D68C565026230BDFF8FFFFE26
:107360000000014000040140004001400044014091
:10737000004801400F4940F8841F0F4941600F4900
:1073800081600F49C1600F4901610F4941610F4997
:1073900081610F49C1610F4901620F4941620F4983
:1073A00081620F49C1620F4901630F49416384380B
:1073B00070470000E95D00900D5E00900F5E009048
:1073C000115E009049560090795600903558009013
:1073D0009D5B00909F5B0090475600901156009077
:1073E000135600900F5600900D56009090F82810FC
:1073F00001F00801082907D10168496821F400411A
:10740000826B11430268516090F8281001F001016D
:1074100039B10168496821F40031C26A1143026838
:10742000516090F8281001F00201022907D101688B
:10743000496821F48031026B11430268516090F871
:10744000281001F00401042907D10168496821F4DA
:107450008021426B11430268516090F8281001F0BE
:107460001001102907D10168896821F48051C26B8D
:1074700011430268916090F8281001F02001202942
:1074800007D10168896821F40051026C1143026838
:10749000916090F8281001F04001402913D1016853
:1074A000496821F48011426C114302685160416CBB
:1074B000B1F5801F07D10168496821F4C001826CD1
:1074C00011430268516090F8281001F08001802972
:1074D00007D10168496821F40021C26C1143026898
:1074E0005160704738B504460020C4F89000FBF79F
:1074F00097FB05462068006800F00800082821D1A5
:107500006FF07E402B4600224FF400110090204681
:1075100000F08EFBB0B100BF00BF216851E8001F32
:1075200021F08000226842E800010029F5D100BF67
:107530002020C4F8880000BF002084F8840000BF29
:10754000032038BD2068006800F00400042830D112
:107550006FF07E402B4600224FF4800100902046C1
:1075600000F066FB28B300BF00BF216851E8001F90
:1075700021F49070226842E800010029F5D100BF93
:1075800000BF00BF2168083151E8001F21F0010051
:107590002168083141E80002002AF3D100BF202011
:1075A000C4F88C0000BF002084F8840000BF0320D2
:1075B000C7E72020C4F88800C4F88C000020E066EB
:1075C000206700BF84F8840000BF00BFB9E7000057
:1075D00000BF00BF026852E8002F22F490710368D8
:1075E00043E80012002AF5D100BF00BF00BF0268C7
:1075F000083252E8002F104B02EA030102680832F9
:1076000042E80013002BF2D100BFC16E01290CD15A
:1076100000BF00BF026852E8002F22F0100103688B
:1076200043E80012002AF5D100BF2021C0F88C10D9
:107630000021C16641677047FEFFFFEF0D4940F82A
:10764000941F0D4941600D4981600D49C1600D498C
:1076500001610D4941610D4981610D49C1610D49CA
:1076600001620D4941620D4981620D49C162943840
:1076700070470000BD5E0090BB5E0090B95E009058
:10768000B75E0090215E00901B5E00901F5E009030
:107690001D5E0090195E0090155E0090175E0090D0
:1076A000135E00902DE9F04F89B005460020089048
:1076B000F8492868884200D100E000BF2969A8681D
:1076C000084369690843E96940EA010828680068D5
:1076D000F149084040EA08002968086028684068C5
:1076E00020F44050E968084329684860D5F81880BC
:1076F000E8492868884202D0286A40EA08082868D1
:107700008068E649084040EA0800296888602868DF
:10771000C06A20F00F00696A08432968C86200BF88
:10772000DF492868884220D1DE48006800F0380030
:10773000182811D005DC48B1082809D0102811D12B
:1077400008E020280AD028280CD109E001240BE009
:10775000042409E0082407E0102405E0202403E0C5
:10776000402401E0802400BFF8E0CF492868884227
:1077700019D1CC48006800F00700062810D2DFE8D5
:1077800000F0030507090B0D00240BE0042409E0B9
:10779000082407E0102405E0202403E0402401E051
:1077A000802400BFDAE0C1492868884219D1BD4869
:1077B000006800F00700062810D2DFE800F003059B
:1077C00007090B0D00240BE0042409E0082407E05E
:1077D000102405E0202403E0402401E0802400BFC1
:1077E000BCE0B3492868884219D1AE48006800F06F
:1077F0000700062810D2DFE800F0030507090B0D8B
:1078000000240BE0042409E0082407E0102405E02C
:10781000202403E0402401E0802400BF9EE0A5492D
:107820002868884219D19F48006800F007000628A0
:1078300010D2DFE800F0030507090B0D00240BE070
:10784000042409E0082407E0102405E0202403E0D4
:10785000402401E0802400BF80E0974928688842E6
:1078600020D19048006800F03800182811D005DCBD
:1078700048B1082809D0102811D108E020280AD0E2
:1078800028280CD109E001240BE0042409E0082495
:1078900007E0102405E0202403E0402401E08024D8
:1078A00000BF5BE085492868884219D17D4800689F
:1078B00000F00700062810D2DFE800F003050709F2
:1078C0000B0D00240BE0042409E0082407E0102439
:1078D00005E0202403E0402401E0802400BF3DE0D7
:1078E00077492868884219D16E48006800F007007F
:1078F000062810D2DFE800F0030507090B0D00246D
:107900000BE0042409E0082407E0102405E020240B
:1079100003E0402401E0802400BF1FE05D492868A7
:1079200088421AD15F48001D006800F00700062851
:1079300010D2DFE800F0030507090B0D02240BE06D
:10794000042409E0082407E0102405E0202403E0D3
:10795000402401E0802400BF00E0802400BF4D49A6
:10796000286888427DD1102C1AD006DC022C09D060
:10797000042C0BD0082C29D10DE0202C21D0402C38
:1079800024D120E0FBF782FB064623E005A8FBF7A5
:107990008FFB069E1EE002A8FBF7A2FC039E19E0E7
:1079A000404854380068C0F3401040B13D48543856
:1079B0000068C0F3C101434820FA01F600E0414EDF
:1079C00008E0414E06E04FF4004603E000260120A7
:1079D000089000BF00BF002E10D03C49686A31F803
:1079E0001000B6FBF0F9686800EB4000484503D88A
:1079F00068680003484502D20120089003E133493A
:107A0000686A31F810C06246002330461946F8F71C
:107A1000B3FC4FF4807300228446ACFB030B01FBE4
:107A200003B10CFB021C69684908034659184CEB6A
:107A30000200CDE90010D5F804C0624600230846D4
:107A40000199F8F799FC0746B7F5407F06D3B7F5DB
:107A5000801F03D22868C760D5E002E001200890AB
:107A6000D1E0E869B0F5004F7BD1082C39D005DCB6
:107A70005CB1012C2CD0042C4CD12DE0102C35D035
:107A8000202C42D0402C45D141E0FCF7ABFD06460E
:107A900044E00000000C0058F369FFCFFFF4FF1131
:107AA0000010014054440258004400400048004087
:107AB000004C00400050004000140140007800409D
:107AC000007C00400090D00300093D00E49000904D
:107AD000FCF79AFD064621E005A8FBF7E9FA069EA9
:107AE0001CE002A8FBF7FCFB039E17E04C48006873
:107AF000C0F3401038B14A480068C0F3C10149489A
:107B000020FA01F600E0474E08E0474E06E04FF449
:107B1000004603E000260120089000BF00BFFEB130
:107B20004249686A31F81000B6FBF0F0400069681D
:107B300000EB5100B0FBF1F7102F0FD3B7F5803FEA
:107B40000CD24FF6F07007EA000AC7F342004AEA87
:107B5000000A2868C0F80CA055E002E00120089057
:107B600051E0082C1AD005DC5CB1012C0DD0042C9E
:107B70002DD10EE0102C16D0202C23D0402C26D155
:107B800022E0FCF72FFD064625E0FCF73DFD06460A
:107B900021E005A8FBF78CFA069E1CE002A8FBF783
:107BA0009FFB039E17E01E480068C0F3401038B1E9
:107BB0001B480068C0F3C1011A4820FA01F600E032
:107BC000184E08E0184E06E04FF4004603E0002689
:107BD0000120089000BF00BFAEB11449686A31F8B7
:107BE0001000B6FBF0F0696800EB5100B0FBF1F754
:107BF000102F06D3B7F5803F03D2B8B22968C8600A
:107C000001E0012008900120A5F86A00A5F86800AD
:107C100000206867A867089809B0BDE8F08F0000E9
:107C2000004402580090D00300093D00E490009009
:107C30002DE9F04104460D4617469846069E41E060
:107C4000701C00283ED0FAF7EBFFA0EB0800B04212
:107C500000D816B90320BDE8F0812068006800F064
:107C6000040070B3802D2DD0402D2BD02068C0692A
:107C7000C0F3C00078B10820216808622046FFF7F1
:107C8000A7FC0820C4F8900000BF002084F88400FE
:107C900000BF0120DFE72068C069C0F3C02080B1C9
:107CA0004FF40060216808622046FFF791FC202015
:107CB000C4F8900000BF002084F8840000BF0320B7
:107CC000C9E7FFE72068C0692840A84201D1012028
:107CD00000E00020B842B3D00020BCE70A48C069E9
:107CE00000F0100070B10848006A40F0100006492A
:107CF00008620648C06DC0F5806005490880012013
:107D000081F80404704700000010014000000240A8
:107D10006019003000BFFEE770B5144CA821204662
:107D2000F8F782FB03202061606111A0A061134974
:107D3000E1614FF4806121620021A1626162E16230
:107D40000BA020660E4961661021A1660021216703
:107D5000E1666167002505E0C5F10F000949085C8F
:107D600060556D1C102DF7D370BD0000200400205D
:107D70005465726D696E616C00000000D81F0030A0
:107D8000D82300300C91009010B501460A69CB68E9
:107D90009A4204D88C68641EE41AA01801E0D41A30
:107DA000601E10BD2DE9FC5F06460F4692469846C0
:107DB000DDE90C45002F01DA784200E038468346C1
:107DC0004FF0010903E09BFBFAFB09F10109D345E0
:107DD000F9DAC84500D9C14634B1002F03DB05F0FC
:107DE0000400042800D1641E05F0020010B1B8F1AF
:107DF000000F11D005F0010070B96CB108E0641EED
:107E00002021304600F0BAF8F068002800DA02E0DD
:107E10000CB1A145F3D300BFF068002836DB002F7A
:107E200005DA7F422D21304600F0A8F807E005F082
:107E30000400042803D12B21304600F09FF8F0689D
:107E4000002823DB05F00200022814D105F0010010
:107E500088B9B8F1000F0ED16CB108E0641E302172
:107E6000304600F08BF8F068002800DA02E00CB130
:107E7000A145F3D300BFF068002807DB4346524614
:107E800039463046CDE9004500F002F8BDE8FC9FD8
:107E90002DE9FC5F8046894615461E460C9CCDF8B0
:107EA00004900127BB4605E00198B0FBF5F0019076
:107EB0000BF1010B0198A842F6D25E4500D9B346FA
:107EC0000D9800F00100D0B9CCB10D9800F002007F
:107ED000022803D116B93020009001E02020009044
:107EE00009E0641E4046009900F048F8D8F80C00FC
:107EF000002800DA02E00CB1A345F2D300BFD8F8A5
:107F00000C00002835DB09E0012E01D9761E04E0C3
:107F1000B9FBF7FAAA4500D201E06F43F4E700BFCE
:107F200000BFB9FBF7FA0AFB1799134810F80A10BB
:107F3000404600F023F8D8F80C00002800DA03E0EF
:107F4000B7FBF5F7002FECD100BF0D9800F0010052
:107F500078B174B109E0641E2021404600F00EF8AB
:107F6000D8F80C00002800DA02E00CB1A345F2D3E7
:107F700000BFBDE8FC9F00001D91009070B5044655
:107F80000E46A568681C6168814206D32068465584
:107F9000681CA060E068401CE060D4E901108842E1
:107FA0000DD1A26821682069FEF726FCA1688842ED
:107FB00003D04FF0FF30E06001E00020A06070BD12
:107FC0002DE9F05F0446894617464FF0000AE56840
:107FD00000BFD4F81080A84503D9A8EB0500461EC1
:107FE00004E0A5EB0800401CA1680E1AA068401B25
:107FF000B04201D9304601E0A068401B0646BE42AF
:1080000001D2304600E038460646606800EB050BBA
:10801000324649465846F8F7E0F9B244B144BF1B2E
:108020003544A068A84200D10025E560002FD0D1DA
:108030005046BDE8F09F2DE9F047044689461546B5
:10804000E668A068871BAF420AD9606800EB060AA1
:108050002A4649465046F8F7C0F97019E06014E026
:10806000B846606800EB060A424649465046F8F7B3
:10807000B4F9A5EB0708D4F804A009EB07014246C0
:108080005046F8F7AAF9C4F80C80BDE8F087000064
:108090007CB50C001D461646014601D0601E00E06E
:1080A0000020CDE90010064B6A462946304600F014
:1080B000F7F8002C02D0009A002111707CBD00005E
:1080C000A789009002480068C0F3022070470000B2
:1080D0000CED00E010B5002804DB0A07130E054A7A
:1080E000135406E00A07140E034A00F00F031B1F87
:1080F000D45410BD00E400E018ED00E002E008C830
:10810000121F08C1002AFAD170477047002001E011
:1081100001C1121F002AFBD1704700002DE9FF5F4B
:1081200082B00021DDE90430020DDDF840B00343E8
:1081300018D044F61050A2F2FF32424315141198A1
:1081400001281FD0A5EB0B00401C5FEA000A4FF08E
:1081500000064E4FDFF83891B046504615D5CAF1AB
:10816000000413E0119801244AA3012801D16FEA09
:108170000B010298119AC0E90031C0E9024206B031
:10818000BDE8F09FCBF10000DFE704460021404A44
:10819000491842EB0450CDE9001012E0E00707D087
:1081A00032463B4640464946F8F725FA804689461E
:1081B00032463B4610461946F8F71DFA06460F466A
:1081C0006410002CEAD1DDE90401DDE90023BAF1F5
:1081D000000F06DAF8F70FFA42464B46F8F70BFAAB
:1081E00005E0F8F77AFA42464B46F8F776FA044685
:1081F0000E460022284BF8F7F7FA03D84FF0FF306D
:10820000014607E00022254B20463146F8F74CF99D
:10821000F8F7D2FA102409E0002C0ADB0A22002326
:10822000F8F7AAF8039B30321A55641E50EA01028F
:10823000F2D1641C039AC4F111031444119A012A67
:1082400003D0012208430DD10AE0084304D00020E6
:108250004FF0110B119072E7A3EB0B056D1E0DE0B3
:108260005B4504DD4FF0000205F1010504E003DA8F
:108270004FF00002A5F10105002AECD002981199F7
:10828000C0E90231C0E9004579E700000000144070
:108290000000F03F300000000000F0430000E03F2D
:1082A0002DE9FF4F95B09A46884606460025EEE137
:1082B000252877D100242746F94A0121039400E0BC
:1082C000044316F8013F203B01FA03F01042F7D1B6
:1082D00030782A2811D06FF02F033078A0F13002C7
:1082E000092A16D8039A44F0020402EB820203EB37
:1082F00042021044761C0390EFE758F8042B0392D7
:10830000002A03DA504244F40054039044F002047B
:10831000761C30782E2816D116F8010F44F004048C
:108320002A280DD06FF02F023078A0F13003092BEE
:1083300009D807EB870302EB4303C718761CF3E762
:1083400058F8047B761C30786C280FD006DC4C285B
:1083500017D068280DD06A2814D104E0742810D0F2
:108360007A280FD10DE044F400140AE044F480149C
:1083700001E044F440147278824202D104F5801482
:10838000761C761C307866280BD013DC582877D002
:1083900009DC002875D04528F6D04628F4D04728B7
:1083A0001AD193E118E0632835D0642879D0652884
:1083B00012D18BE1702873D008DC6728F1D06928CE
:1083C0006FD06E280DD06F2806D1ACE073282CD06A
:1083D000752874D0782853D05246179990476D1C51
:1083E00054E1C4F30250022809D003280DD0D8F874
:1083F000001004280DD00D6008F1040846E1D8F8FB
:108400000010EA17C1E90052F6E7D8F800100D8015
:10841000F2E70D70F0E718F8041B8DF8001000204B
:108420008DF80100EB46012003E058F804BB4FF043
:10843000FF3061074FF0000102D40DE009F10101A6
:108440008946B9420FDA8145F8DB1BF8091000298B
:10845000F4D108E009F1010189468142FADB1BF8F9
:1084600009100029F6D103985346A0EB09072146CD
:108470003846179A00F080FA284400EB090507E017
:1084800044E008E10DE01BF8010B524617999047B4
:10849000B9F10109F7D2534621463846179AF2E05E
:1084A00039E00A21C4F302524FF0000B0091022A76
:1084B00006D058F8040BC117032A09D00AE023E0BC
:1084C00008F1070020F00702F2E80201904605E0FB
:1084D00000B2C117042A01D140B2C117002906DA3F
:1084E0000A460021404261EB02012D2202E02205F2
:1084F00004D52B228DF80420012203E0E20701D0ED
:108500002022F7E7914657E00A2100E010214FF0C2
:10851000000B00910BE010214FF0000B44F004041D
:108520000827009103E008204FF0000B0090C4F3EF
:108530000252022A05D058F8040B0021032A08D061
:1085400008E008F1070020F00702F2E80201904677
:1085500003E080B2042A00D1C0B24FF00009220724
:108560002AD53278702A07D0DDF800C08CF0100CC4
:108570005CEA0B0C05D00EE040228DF804200122AD
:1085800008E050EA010306D030238DF804308DF85E
:10859000052002229146009B83F0080353EA0B0357
:1085A0000AD150EA010201D1620705D530228DF8C7
:1085B00004204FF001097F1E3278582A04D039A2D6
:1085C0000C920CAA02920BE03BA2F9E75B46009AE0
:1085D000F7F7D2FE0C9B9B5C029A521E029213701C
:1085E00050EA0102F2D1029804A9081A00F1200B06
:1085F000600702D524F4803400E001275F4502DDE6
:10860000A7EB0B0000E0002000EB0B0100900398AB
:108610004944401A0390E00306D453462146179A72
:10862000039800F0A9F90544002706E001A8524686
:10863000C05D179990476D1C7F1C4F45F6DBE0032A
:108640000CD553462146179A039800F095F9054436
:1086500004E030205246179990476D1C0099481E3F
:1086600000900029F5DC08E0029802995246007853
:10867000491C0291179990476D1CBBF10001ABF1A9
:10868000010BF1DC5BE100F065F90544761C307804
:1086900000287FF40DAE19B02846BDE8F08F000029
:1086A00009280100303132333435363738396162C8
:1086B000636465660000000030313233343536378C
:1086C000383941424344454600000000600700D469
:1086D000062708F1070020F00700F0E80223804693
:1086E00003F0004C5FEA0C0001D097A009E02005E0
:1086F00001D596A005E0E00701D095A001E0AFF21A
:108700004C001390307823F0004365280CD006DC31
:10871000452809D046281DD047287FD13BE0662850
:1087200018D067287AD136E00021112F01DB112003
:1087300000E0781CCDE9000104A90CA8FFF7EEFCCD
:10874000DDE90D010C9A4FF0000B07F101091092C1
:1087500000914EE04FF000400097CDE9011004A9D0
:108760000CA8FFF7DBFCDDE90D020C9B0F994FF025
:10877000000B91461093009211B9791C00EB01098E
:10878000B7EB090003D4C0F1FF3B07F10109A9EBE6
:108790000700019042E0012F00DA01270021112F8C
:1087A00001DD112000E03846CDE9000104A90CA844
:1087B000FFF7B4FCDDE90D010C9A00914FF0000BBE
:1087C000B946109221070FD4009A4A4503DA914620
:1087D00001E0A9F10109B9F1010F05DD109AA9F134
:1087E0000101515C3029F4D0B84202DA10F1040FD3
:1087F00003DA0121CDE9011010E0002803DC8344F5
:10880000A9EB000102E0411C494500DD8946A0EBCF
:108810000B00401C01904FF000400290200705D44F
:108820000198484502DB4FF0FF30019000208DF8A1
:108830004B0002980DF14B07B0F1004F25D00220FC
:108840000C902B200D90029800280CDA40420290E8
:108850002D200D9007E00A210298F7F7F0FD303146
:10886000029007F8011D0C99481E0C900029F2DCBB
:1088700002980028EFD1791E0D980870307800F02A
:10888000200040F0450007F8020D11A8C01BC01DD4
:1088900002901398007800B1012000EB09010198C3
:1088A00001EBE071029801440398401A401E0390C6
:1088B000E00306D453462146179A039800F05CF86B
:1088C00005441398007818B15246179990476D1CCB
:1088D000E00323D553462146179A039800F04CF83D
:1088E00005441BE0BBF1000F07DB0098584504DD91
:1088F0001098179910F80B0001E017993020524694
:10890000904701980BF1010B401E05F10105019004
:1089100004D12E205246179990476D1CB9F10001E1
:10892000A9F10109DEDC05E017F8010B52461799A1
:1089300090476D1C0299481E02900029F4DC5346B2
:108940002146179A03989EE62D0000002B00000098
:10895000200000002DE9F041044600251E46174680
:10896000880404D405E039462020B0476D1C641EFD
:10897000F9D52846BDE8F0812DE9F04104460025EF
:108980001E469046C80301D5302700E02027880402
:1089900004D505E041463846B0476D1C641EF9D544
:1089A0002846BDE8F0814A68002A06D00A68531CB0
:1089B0000B6010704868401E4860704730B5024632
:1089C0004FF6FF7018E012F8015B80EA05200823DB
:1089D0000FE000F400443CB14FF6FF7404EA40009D
:1089E00041F22104604003E04FF6FF7404EA4000C6
:1089F0005B1E002BEDD1491E0029E4D130BD10B51E
:108A00000246002017E088420ADA0223440042F8B6
:108A100024301B04012404EB400442F8243009E014
:108A20004FF40033440042F82430012404EB4004A6
:108A300042F82430401C0428E5DB10BD81607047FB
:108A400070B504460D4604211048FDF75BF90F4848
:108A5000FDF71CF80E48B0FBF4F0401E0B49C8604F
:108A60000846FDF759F80948C068401C684364216E
:108A7000B0FBF1F00749486004220448FCF74EFFC0
:108A800004210248FDF78CF870BD0000F01E003094
:108A900080969800AC1F003000B5B7B0BC2192485A
:108AA000F7F7C2FCBC219148F7F7BEFC1C219048A7
:108AB000F7F7BAFC4FF4FA218E48F7F7B5FC00201F
:108AC00004E000218B4A22F81010401CB0F57A3FD8
:108AD000F7DB8948006840F00800874908600846CD
:108AE000006820F008000860002001E000BF401C82
:108AF00040F6FF718842F9DB00BF7F4858300068BC
:108B000040F008007C49583108600846006800F0D1
:108B10000800019000BF00BF00BF081F006840F0C0
:108B20000100091F08600846006800F0010001907C
:108B300000BF00BF00BF0846006840F002000860A8
:108B40000846006800F00200019000BF00BF00BFAF
:108B50000846006840F0040008600846006800F01D
:108B60000400019000BF00BF00BF0846006840F04D
:108B7000080008600846006800F00800019000BF87
:108B800000BF00BF0846006840F0100008600846BB
:108B9000006800F01000019000BF00BF00BF564801
:108BA0005C30006840F0040053495C3108600846BE
:108BB000006800F00400019000BF00BF78203290F0
:108BC0000220339001203490032035900E203690FF
:108BD00032A94A48F9F71AFF03203290092036904B
:108BE00032A94748F9F712FF4FF4706032900E2017
:108BF000369032A94248F9F709FFC12032900E2081
:108C0000369032A93F48F9F701FF4FF48160329066
:108C10000E20369032A93C48F9F7F8FE4FF4784020
:108C200032900E20369032A93848F9F7EFFE8020B6
:108C300032900220369032A93148F9F7E7FE00223F
:108C400080212F48F9F7E0FF002001E000BF401C21
:108C500040F6FF718842F9DB00220F215820FAF715
:108C6000C4F95820FAF7ADF94FF000510020CDE9D2
:108C7000021005200C90A0210D91002113910221DA
:108C80000E910F9150211091002112914FF400612B
:108C9000119102A8FAF73CFC08B1F8F73DF91C481D
:108CA0001249086013204860002110488160C160AB
:108CB0000161416180218161FCF72EFF00200C4998
:108CC00008614FF48070486160200860002088606F
:108CD000486004220548FCF721FE04210348FDF703
:108CE00011F837B000BD0000341E0030F01E003017
:108CF000AC1F0030000000248C44025800000258D1
:108D00000004025800080258000C025800100258D3
:108D10000008004010B5FFF7BFFE1848184908606A
:108D200040F20F211648016340F2CF31C16240F298
:108D30000221816240F2A73141628721C161222173
:108D400001622F21416102218161FF2180F83610EB
:108D500080F8351080F834100021C16000200849E7
:108D600048604FF080510648016100218160FAF7A8
:108D700045F808B1F8F7D0F810BD00000010005019
:108D8000341E003072B600BF00BF00BFBFF34F8F6C
:108D900000BF00BF00BF00BF00BF00BFBFF36F8FA9
:108DA00000BF00BF00BF4FF01045204C4FF4806261
:108DB00029462046F7F711FB20461D49086000BFF1
:108DC00000BF00BFBFF34F8F00BF00BF00BF00BF99
:108DD00000BF00BFBFF36F8F00BF00BF00BF62B610
:108DE000FDF706FD01210F20F8F752F9F8F7E4F935
:108DF000FDF71EF9F7F7FAFDF9F724FFFDF734FF49
:108E000000F024F84FF4E13000F040F8FFF782FF63
:108E10005A214FF4FA60FFF713FE06A000F028F97C
:108E200004A10020FDF750FD00BFFEE70000002078
:108E300008ED00E04150505F5441534B5F52554E96
:108E40002E2E2E2E2E2E0D0A0000000010B54FF4EF
:108E5000A0410C48F7F7E8FA0A4C4FF4A040206014
:108E60004FF0A530606000212046FFF7E7FD06487F
:108E700004604FF4A0400449486088600020C86046
:108E800010BD000000B00330C81F003010B5F6B0B0
:108E9000044600BF7048006840F001006E49086059
:108EA0000846006800F00100019000BF00BF00BF4D
:108EB00069480830006840F00100674908310860DF
:108EC0000846006800F00100019000BF00BF00BF2D
:108ED00061481830006840F010005F4918310860A0
:108EE0000846006800F01000019000BF00BF02209B
:108EF00072900020739002207490072075904FF4B8
:108F0000C060719071A95548F9F780FDCC213EA849
:108F1000F7F78AFA52483E903F9400213EA84162FA
:108F20000C21416100210161C16081608161C161E9
:108F30000162FCF777FF782120A8F7F775FA494816
:108F40002090402120A8816000214162032181629C
:108F50000021C16281614FF4806101610021C16122
:108F600001634161C1604FF4803101622A20219088
:108F700020A8F9F7B7F800203B4908703848006A84
:108F800040F04000364908620846806840F08000A2
:108F9000886034484038006C40F010003149403956
:108FA00008640846006C20F00100086400220A21D1
:108FB0000D20FAF71AF80D20FAF703F8782102A825
:108FC000F7F732FA274818300290002104910B91EC
:108FD00003210C9100210D91089101150691811535
:108FE000099100210E91079105914FF480310A916A
:108FF0002920039002A8F9F775F840F206411B48B2
:10900000F7F712FA1648006A40F010001449086297
:109010000846806840F0400088600846006840F0DC
:109020001000086000220A212520F9F7DEFF252024
:10903000F9F7C7FF4FF480600A494039C8650B480B
:10904000001D48660648243008660846806D40F0DA
:109050000100886576B010BDD8440258000002585F
:1090600000100140400002404015003060190030FF
:109070000FB438B505A800904FF480610F48009BED
:10908000049AFFF705F80446002000900C48446459
:109090000A480B49C8640B4888640846006C40F0D5
:1090A0000100086400BF084800780028FBD00020B9
:1090B0000549087038BC5DF814FB000060150030ED
:1090C0000000024028100140401500300000000060
:1090D0000102030401020304060708090006101632
:1090E00000061016010002000400060008000A0035
:1090F0000C001000200040008000000130313233AD
:109100003435363738394142434445460000000083
:1091100000005454522052454747455300303132E5
:109120003334353637383941424344454600000030
:10913000010001014000000040050020400900201E
:10914000C009002000000000C8910090000000004D
:1091500014000000FC800090DC91009000000020D2
:10916000000400001A090090E8910090000400201B
:1091700020000000FC800090089200900000002475
:1091800000D007001A090090B8A10090000000303C
:10919000148600001A090090C8A2009000B00330A5
:1091A000005000001A0900906CA3009000000038E5
:1091B00020000000FC800090089200902004002015
:1091C000C81500000C81009010B500F001F810BD2A
:1091D00042F62D4CC9F2000C6047000001FF01FF70
:1091E00001FF01FF410000000090D0030090D00378
:1091F000000000001000000001000000000000005E
:10920000000000000000000001FF01FF01FF01FF5E
:1092100001FF01FF01FF01FF01FF01FF01FF01FF4E
:1092200001FF01FF01FF01FF01FF01FF01FF01FF3E
:1092300001FF01FF01FF01FF01FF01FF01FF01FF2E
:1092400001FF01FF01FF01FF01FF01FF01FF01FF1E
:1092500001FF01FF01FF01FF01FF01FF01FF01FF0E
:1092600001FF01FF01FF01FF01FF01FF01FF01FFFE
:1092700001FF01FF01FF01FF01FF01FF01FF01FFEE
:1092800001FF01FF01FF01FF01FF01FF01FF01FFDE
:1092900001FF01FF01FF01FF01FF01FF01FF01FFCE
:1092A00001FF01FF01FF01FF01FF01FF01FF01FFBE
:1092B00001FF01FF01FF01FF01FF01FF01FF01FFAE
:1092C00001FF01FF01FF01FF01FF01FF01FF01FF9E
:1092D00001FF01FF01FF01FF01FF01FF01FF01FF8E
:1092E00001FF01FF01FF01FF01FF01FF01FF01FF7E
:1092F00001FF01FF01FF01FF01FF01FF01FF01FF6E
:1093000001FF01FF01FF01FF01FF01FF01FF01FF5D
:1093100001FF01FF01FF01FF01FF01FF01FF01FF4D
:1093200001FF01FF01FF01FF01FF01FF01FF01FF3D
:1093300001FF01FF01FF01FF01FF01FF01FF01FF2D
:1093400001FF01FF01FF01FF01FF01FF01FF01FF1D
:1093500001FF01FF01FF01FF01FF01FF01FF01FF0D
:1093600001FF01FF01FF01FF01FF01FF01FF01FFFD
:1093700001FF01FF01FF01FF01FF01FF01FF01FFED
:1093800001FF01FF01FF01FF01FF01FF01FF01FFDD
:1093900001FF01FF01FF01FF01FF01FF01FF01FFCD
:1093A00001FF01FF01FF01FF01FF01FF01FF01FFBD
:1093B00001FF01FF01FF01FF01FF01FF01FF01FFAD
:1093C00001FF01FF01FF01FF01FF01FF01FF01FF9D
:1093D00001FF01FF01FF01FF01FF01FF01FF01FF8D
:1093E00001FF01FF01FF01FF01FF01FF01FF01FF7D
:1093F00001FF01FF01FF01FF01FF01FF01FF01FF6D
:1094000001FF01FF01FF01FF01FF01FF01FF01FF5C
:1094100001FF01FF01FF01FF01FF01FF01FF01FF4C
:1094200001FF01FF01FF01FF01FF01FF01FF01FF3C
:1094300001FF01FF01FF01FF01FF01FF01FF01FF2C
:1094400001FF01FF01FF01FF01FF01FF01FF01FF1C
:1094500001FF01FF01FF01FF01FF01FF01FF01FF0C
:1094600001FF01FF01FF01FF01FF01FF01FF01FFFC
:1094700001FF01FF01FF01FF01FF01FF01FF01FFEC
:1094800001FF01FF01FF01FF01FF01FF01FF01FFDC
:1094900001FF01FF01FF01FF01FF01FF01FF01FFCC
:1094A00001FF01FF01FF01FF01FF01FF01FF01FFBC
:1094B00001FF01FF01FF01FF01FF01FF01FF01FFAC
:1094C00001FF01FF01FF01FF01FF01FF01FF01FF9C
:1094D00001FF01FF01FF01FF01FF01FF01FF01FF8C
:1094E00001FF01FF01FF01FF01FF01FF01FF01FF7C
:1094F00001FF01FF01FF01FF01FF01FF01FF01FF6C
:1095000001FF01FF01FF01FF01FF01FF01FF01FF5B
:1095100001FF01FF01FF01FF01FF01FF01FF01FF4B
:1095200001FF01FF01FF01FF01FF01FF01FF01FF3B
:1095300001FF01FF01FF01FF01FF01FF01FF01FF2B
:1095400001FF01FF01FF01FF01FF01FF01FF01FF1B
:1095500001FF01FF01FF01FF01FF01FF01FF01FF0B
:1095600001FF01FF01FF01FF01FF01FF01FF01FFFB
:1095700001FF01FF01FF01FF01FF01FF01FF01FFEB
:1095800001FF01FF01FF01FF01FF01FF01FF01FFDB
:1095900001FF01FF01FF01FF01FF01FF01FF01FFCB
:1095A00001FF01FF01FF01FF01FF01FF01FF01FFBB
:1095B00001FF01FF01FF01FF01FF01FF01FF01FFAB
:1095C00001FF01FF01FF01FF01FF01FF01FF01FF9B
:1095D00001FF01FF01FF01FF01FF01FF01FF01FF8B
:1095E00001FF01FF01FF01FF01FF01FF01FF01FF7B
:1095F00001FF01FF01FF01FF01FF01FF01FF01FF6B
:1096000001FF01FF01FF01FF01FF01FF01FF01FF5A
:1096100001FF01FF01FF01FF01FF01FF01FF01FF4A
:1096200001FF01FF01FF01FF01FF01FF01FF01FF3A
:1096300001FF01FF01FF01FF01FF01FF01FF01FF2A
:1096400001FF01FF01FF01FF01FF01FF01FF01FF1A
:1096500001FF01FF01FF01FF01FF01FF01FF01FF0A
:1096600001FF01FF01FF01FF01FF01FF01FF01FFFA
:1096700001FF01FF01FF01FF01FF01FF01FF01FFEA
:1096800001FF01FF01FF01FF01FF01FF01FF01FFDA
:1096900001FF01FF01FF01FF01FF01FF01FF01FFCA
:1096A00001FF01FF01FF01FF01FF01FF01FF01FFBA
:1096B00001FF01FF01FF01FF01FF01FF01FF01FFAA
:1096C00001FF01FF01FF01FF01FF01FF01FF01FF9A
:1096D00001FF01FF01FF01FF01FF01FF01FF01FF8A
:1096E00001FF01FF01FF01FF01FF01FF01FF01FF7A
:1096F00001FF01FF01FF01FF01FF01FF01FF01FF6A
:1097000001FF01FF01FF01FF01FF01FF01FF01FF59
:1097100001FF01FF01FF01FF01FF01FF01FF01FF49
:1097200001FF01FF01FF01FF01FF01FF01FF01FF39
:1097300001FF01FF01FF01FF01FF01FF01FF01FF29
:1097400001FF01FF01FF01FF01FF01FF01FF01FF19
:1097500001FF01FF01FF01FF01FF01FF01FF01FF09
:1097600001FF01FF01FF01FF01FF01FF01FF01FFF9
:1097700001FF01FF01FF01FF01FF01FF01FF01FFE9
:1097800001FF01FF01FF01FF01FF01FF01FF01FFD9
:1097900001FF01FF01FF01FF01FF01FF01FF01FFC9
:1097A00001FF01FF01FF01FF01FF01FF01FF01FFB9
:1097B00001FF01FF01FF01FF01FF01FF01FF01FFA9
:1097C00001FF01FF01FF01FF01FF01FF01FF01FF99
:1097D00001FF01FF01FF01FF01FF01FF01FF01FF89
:1097E00001FF01FF01FF01FF01FF01FF01FF01FF79
:1097F00001FF01FF01FF01FF01FF01FF01FF01FF69
:1098000001FF01FF01FF01FF01FF01FF01FF01FF58
:1098100001FF01FF01FF01FF01FF01FF01FF01FF48
:1098200001FF01FF01FF01FF01FF01FF01FF01FF38
:1098300001FF01FF01FF01FF01FF01FF01FF01FF28
:1098400001FF01FF01FF01FF01FF01FF01FF01FF18
:1098500001FF01FF01FF01FF01FF01FF01FF01FF08
:1098600001FF01FF01FF01FF01FF01FF01FF01FFF8
:1098700001FF01FF01FF01FF01FF01FF01FF01FFE8
:1098800001FF01FF01FF01FF01FF01FF01FF01FFD8
:1098900001FF01FF01FF01FF01FF01FF01FF01FFC8
:1098A00001FF01FF01FF01FF01FF01FF01FF01FFB8
:1098B00001FF01FF01FF01FF01FF01FF01FF01FFA8
:1098C00001FF01FF01FF01FF01FF01FF01FF01FF98
:1098D00001FF01FF01FF01FF01FF01FF01FF01FF88
:1098E00001FF01FF01FF01FF01FF01FF01FF01FF78
:1098F00001FF01FF01FF01FF01FF01FF01FF01FF68
:1099000001FF01FF01FF01FF01FF01FF01FF01FF57
:1099100001FF01FF01FF01FF01FF01FF01FF01FF47
:1099200001FF01FF01FF01FF01FF01FF01FF01FF37
:1099300001FF01FF01FF01FF01FF01FF01FF01FF27
:1099400001FF01FF01FF01FF01FF01FF01FF01FF17
:1099500001FF01FF01FF01FF01FF01FF01FF01FF07
:1099600001FF01FF01FF01FF01FF01FF01FF01FFF7
:1099700001FF01FF01FF01FF01FF01FF01FF01FFE7
:1099800001FF01FF01FF01FF01FF01FF01FF01FFD7
:1099900001FF01FF01FF01FF01FF01FF01FF01FFC7
:1099A00001FF01FF01FF01FF01FF01FF01FF01FFB7
:1099B00001FF01FF01FF01FF01FF01FF01FF01FFA7
:1099C00001FF01FF01FF01FF01FF01FF01FF01FF97
:1099D00001FF01FF01FF01FF01FF01FF01FF01FF87
:1099E00001FF01FF01FF01FF01FF01FF01FF01FF77
:1099F00001FF01FF01FF01FF01FF01FF01FF01FF67
:109A000001FF01FF01FF01FF01FF01FF01FF01FF56
:109A100001FF01FF01FF01FF01FF01FF01FF01FF46
:109A200001FF01FF01FF01FF01FF01FF01FF01FF36
:109A300001FF01FF01FF01FF01FF01FF01FF01FF26
:109A400001FF01FF01FF01FF01FF01FF01FF01FF16
:109A500001FF01FF01FF01FF01FF01FF01FF01FF06
:109A600001FF01FF01FF01FF01FF01FF01FF01FFF6
:109A700001FF01FF01FF01FF01FF01FF01FF01FFE6
:109A800001FF01FF01FF01FF01FF01FF01FF01FFD6
:109A900001FF01FF01FF01FF01FF01FF01FF01FFC6
:109AA00001FF01FF01FF01FF01FF01FF01FF01FFB6
:109AB00001FF01FF01FF01FF01FF01FF01FF01FFA6
:109AC00001FF01FF01FF01FF01FF01FF01FF01FF96
:109AD00001FF01FF01FF01FF01FF01FF01FF01FF86
:109AE00001FF01FF01FF01FF01FF01FF01FF01FF76
:109AF00001FF01FF01FF01FF01FF01FF01FF01FF66
:109B000001FF01FF01FF01FF01FF01FF01FF01FF55
:109B100001FF01FF01FF01FF01FF01FF01FF01FF45
:109B200001FF01FF01FF01FF01FF01FF01FF01FF35
:109B300001FF01FF01FF01FF01FF01FF01FF01FF25
:109B400001FF01FF01FF01FF01FF01FF01FF01FF15
:109B500001FF01FF01FF01FF01FF01FF01FF01FF05
:109B600001FF01FF01FF01FF01FF01FF01FF01FFF5
:109B700001FF01FF01FF01FF01FF01FF01FF01FFE5
:109B800001FF01FF01FF01FF01FF01FF01FF01FFD5
:109B900001FF01FF01FF01FF01FF01FF01FF01FFC5
:109BA00001FF01FF01FF01FF01FF01FF01FF01FFB5
:109BB00001FF01FF01FF01FF01FF01FF01FF01FFA5
:109BC00001FF01FF01FF01FF01FF01FF01FF01FF95
:109BD00001FF01FF01FF01FF01FF01FF01FF01FF85
:109BE00001FF01FF01FF01FF01FF01FF01FF01FF75
:109BF00001FF01FF01FF01FF01FF01FF01FF01FF65
:109C000001FF01FF01FF01FF01FF01FF01FF01FF54
:109C100001FF01FF01FF01FF01FF01FF01FF01FF44
:109C200001FF01FF01FF01FF01FF01FF01FF01FF34
:109C300001FF01FF01FF01FF01FF01FF01FF01FF24
:109C400001FF01FF01FF01FF01FF01FF01FF01FF14
:109C500001FF01FF01FF01FF01FF01FF01FF01FF04
:109C600001FF01FF01FF01FF01FF01FF01FF01FFF4
:109C700001FF01FF01FF01FF01FF01FF01FF01FFE4
:109C800001FF01FF01FF01FF01FF01FF01FF01FFD4
:109C900001FF01FF01FF01FF01FF01FF01FF01FFC4
:109CA00001FF01FF01FF01FF01FF01FF01FF01FFB4
:109CB00001FF01FF01FF01FF01FF01FF01FF01FFA4
:109CC00001FF01FF01FF01FF01FF01FF01FF01FF94
:109CD00001FF01FF01FF01FF01FF01FF01FF01FF84
:109CE00001FF01FF01FF01FF01FF01FF01FF01FF74
:109CF00001FF01FF01FF01FF01FF01FF01FF01FF64
:109D000001FF01FF01FF01FF01FF01FF01FF01FF53
:109D100001FF01FF01FF01FF01FF01FF01FF01FF43
:109D200001FF01FF01FF01FF01FF01FF01FF01FF33
:109D300001FF01FF01FF01FF01FF01FF01FF01FF23
:109D400001FF01FF01FF01FF01FF01FF01FF01FF13
:109D500001FF01FF01FF01FF01FF01FF01FF01FF03
:109D600001FF01FF01FF01FF01FF01FF01FF01FFF3
:109D700001FF01FF01FF01FF01FF01FF01FF01FFE3
:109D800001FF01FF01FF01FF01FF01FF01FF01FFD3
:109D900001FF01FF01FF01FF01FF01FF01FF01FFC3
:109DA00001FF01FF01FF01FF01FF01FF01FF01FFB3
:109DB00001FF01FF01FF01FF01FF01FF01FF01FFA3
:109DC00001FF01FF01FF01FF01FF01FF01FF01FF93
:109DD00001FF01FF01FF01FF01FF01FF01FF01FF83
:109DE00001FF01FF01FF01FF01FF01FF01FF01FF73
:109DF00001FF01FF01FF01FF01FF01FF01FF01FF63
:109E000001FF01FF01FF01FF01FF01FF01FF01FF52
:109E100001FF01FF01FF01FF01FF01FF01FF01FF42
:109E200001FF01FF01FF01FF01FF01FF01FF01FF32
:109E300001FF01FF01FF01FF01FF01FF01FF01FF22
:109E400001FF01FF01FF01FF01FF01FF01FF01FF12
:109E500001FF01FF01FF01FF01FF01FF01FF01FF02
:109E600001FF01FF01FF01FF01FF01FF01FF01FFF2
:109E700001FF01FF01FF01FF01FF01FF01FF01FFE2
:109E800001FF01FF01FF01FF01FF01FF01FF01FFD2
:109E900001FF01FF01FF01FF01FF01FF01FF01FFC2
:109EA00001FF01FF01FF01FF01FF01FF01FF01FFB2
:109EB00001FF01FF01FF01FF01FF01FF01FF01FFA2
:109EC00001FF01FF01FF01FF01FF01FF01FF01FF92
:109ED00001FF01FF01FF01FF01FF01FF01FF01FF82
:109EE00001FF01FF01FF01FF01FF01FF01FF01FF72
:109EF00001FF01FF01FF01FF01FF01FF01FF01FF62
:109F000001FF01FF01FF01FF01FF01FF01FF01FF51
:109F100001FF01FF01FF01FF01FF01FF01FF01FF41
:109F200001FF01FF01FF01FF01FF01FF01FF01FF31
:109F300001FF01FF01FF01FF01FF01FF01FF01FF21
:109F400001FF01FF01FF01FF01FF01FF01FF01FF11
:109F500001FF01FF01FF01FF01FF01FF01FF01FF01
:109F600001FF01FF01FF01FF01FF01FF01FF01FFF1
:109F700001FF01FF01FF01FF01FF01FF01FF01FFE1
:109F800001FF01FF01FF01FF01FF01FF01FF01FFD1
:109F900001FF01FF01FF01FF01FF01FF01FF01FFC1
:109FA00001FF01FF01FF01FF01FF01FF01FF01FFB1
:109FB00001FF01FF01FF01FF01FF01FF01FF01FFA1
:109FC00001FF01FF01FF01FF01FF01FF01FF01FF91
:109FD00001FF01FF01FF01FF01FF01FF01FF01FF81
:109FE00001FF01FF01FF01FF01FF01FF01FF01FF71
:109FF00001FF01FF01FF01FF01FF01FF01FF01FF61
:10A0000001FF01FF01FF01FF01FF01FF01FF01FF50
:10A0100001FF01FF01FF01FF01FF01FF01FF01FF40
:10A0200001FF01FF01FF01FF01FF01FF01FF01FF30
:10A0300001FF01FF01FF01FF01FF01FF01FF01FF20
:10A0400001FF01FF01FF01FF01FF01FF01FF01FF10
:10A0500001FF01FF01FF01FF01FF01FF01FF01FF00
:10A0600001FF01FF01FF01FF01FF01FF01FF01FFF0
:10A0700001FF01FF01FF01FF01FF01FF01FF01FFE0
:10A0800001FF01FF01FF01FF01FF01FF01FF01FFD0
:10A0900001FF01FF01FF01FF01FF01FF01FF01FFC0
:10A0A00001FF01FF01FF01FF01FF01FF01FF01FFB0
:10A0B00001FF01FF01FF01FF01FF01FF01FF01FFA0
:10A0C00001FF01FF01FF01FF01FF01FF01FF01FF90
:10A0D00001FF01FF01FF01FF01FF01FF01FF01FF80
:10A0E00001FF01FF01FF01FF01FF01FF01FF01FF70
:10A0F00001FF01FF01FF01FF01FF01FF01FF01FF60
:10A1000001FF01FF01FF01FF01FF01FF01FF01FF4F
:10A1100001FF01FF01FF01FF01FF01FF01FF01FF3F
:10A1200001FF01FF01FF01FF01FF01FF01FF01FF2F
:10A1300001FF01FF01FF01FF01FF01FF01FF01FF1F
:10A1400001FF01FF01FF01FF01FF01FF01FF01FF0F
:10A1500001FF01FF01FF01FF01FF01FF01FF01FFFF
:10A1600001FF01FF01FF01FF01FF01FF01FF01FFEF
:10A1700001FF01FF01FF01FF01FF01FF01FF01FFDF
:10A1800001FF01FF01FF01FF01FF01FF01FF01FFCF
:10A1900001FF01FF01FF01FF01FF01FF01FF01FFBF
:10A1A00001FF01FF01FF01FF01FF01FF01FF01FFAF
:10A1B00001FF01FF01FF01D701FF01FF01FF01FFC7
:10A1C00001FF01FF01FF01FF01FF01FF01FF01FF8F
:10A1D00001FF01FF01FF01FF01FF01FF01FF01FF7F
:10A1E00001FF01FF01FF01FF01FF01FF01FF01FF6F
:10A1F00001FF01FF01FF01FF01FF01FF01FF01FF5F
:10A2000001FF01FF01FF01FF01FF01FF01FF01FF4E
:10A2100001FF01FF01FF01FF01FF01FF01FF01FF3E
:10A2200001FF01FF01FF01FF01FF01FF01FF01FF2E
:10A2300001FF01FF01FF01FF01FF01FF01FF01FF1E
:10A2400001FF01FF01FF01FF01FF01FF01FF01FF0E
:10A2500001FF01FF01FF01FF01FF01FF01FF01FFFE
:10A2600001FF01FF01FF01FF01FF01FF01FF01FFEE
:10A2700001FF01FF01FF01FF01FF01FF01FF01FFDE
:10A2800001FF01FF01FF01FF01FF01FF01FF01FFCE
:10A2900001FF01FF01FF01FF01FF01FF01FF01FFBE
:10A2A00001FF01FF01FF01FF01FF01FF01FF01FFAE
:10A2B00001FF01FF01FF01FF01FF01FF01FF01FF9E
:10A2C00001FF01FF019A000001FF01FF01FF01FFF3
:10A2D00001FF01FF01FF01FF01FF01FF01FF01FF7E
:10A2E00001FF01FF01FF01FF01FF01FF01FF01FF6E
:10A2F00001FF01FF01FF01FF01FF01FF01FF01FF5E
:10A3000001FF01FF01FF01FF01FF01FF01FF01FF4D
:10A3100001FF01FF01FF01FF01FF01FF01FF01FF3D
:10A3200001FF01FF01FF01FF01FF01FF01FF01FF2D
:10A3300001FF01FF01FF01FF01FF01FF01FF01FF1D
:10A3400001FF01FF01FF01FF01FF01FF01FF01FF0D
:10A3500001FF01FF01FF01FF01FF01FF01FF01FFFD
:10A3600001FF01FF01FF01FF01500000000000009C
:10A3700000000000000000000000000000000000DD
:0CA38000000000000000000000000000D1
:0400000590000299CC
:00000001FF
